,T,H,Time
0,26.0,39.0,2
1,26.0,39.0,3
2,26.0,39.0,4
3,26.0,39.0,5
4,26.0,39.0,6
5,26.0,39.0,7
6,26.0,39.0,8
7,26.0,39.0,9
8,26.0,39.0,10
9,26.0,39.0,11
10,26.0,39.0,12
11,26.0,39.0,13
12,26.0,40.0,14
13,26.0,40.0,15
14,26.0,40.0,16
15,26.0,40.0,17
16,26.0,40.0,18
17,26.0,40.0,19
18,26.0,40.0,20
19,26.0,40.0,21
20,26.0,40.0,22
21,26.0,40.0,23
22,26.0,40.0,24
23,26.0,40.0,25
24,26.0,40.0,26
25,26.0,40.0,27
26,26.0,39.0,28
27,26.0,39.0,29
28,26.0,39.0,30
29,26.0,39.0,31
30,26.0,39.0,33
31,26.0,39.0,34
32,26.0,39.0,35
33,26.0,39.0,36
34,26.0,39.0,37
35,26.0,39.0,38
36,26.0,39.0,39
37,26.0,39.0,40
38,26.0,39.0,41
39,26.0,39.0,42
40,26.0,39.0,43
41,26.0,39.0,44
42,26.0,39.0,45
43,26.0,39.0,46
44,26.0,39.0,47
45,26.0,39.0,48
46,26.0,39.0,49
47,26.0,39.0,50
48,26.0,39.0,51
49,26.0,39.0,52
50,26.0,39.0,53
51,26.0,39.0,54
52,26.0,39.0,55
53,26.0,39.0,56
54,26.0,39.0,57
55,26.0,39.0,58
56,26.0,39.0,59
57,26.0,39.0,60
58,26.0,39.0,61
59,26.0,39.0,62
60,26.0,39.0,63
61,26.0,39.0,64
62,26.0,40.0,66
63,26.0,40.0,67
64,26.0,39.0,68
65,26.0,39.0,69
66,26.0,40.0,70
67,26.0,40.0,71
68,26.0,39.0,72
69,26.0,39.0,73
70,26.0,39.0,74
71,26.0,39.0,75
72,26.0,39.0,76
73,26.0,39.0,77
74,26.0,40.0,78
75,26.0,40.0,79
76,26.0,39.0,80
77,26.0,39.0,81
78,26.0,39.0,82
79,26.0,39.0,83
80,26.0,39.0,84
81,26.0,39.0,85
82,26.0,39.0,86
83,26.0,39.0,87
84,26.0,39.0,88
85,26.0,39.0,89
86,26.0,39.0,90
87,26.0,39.0,91
88,26.0,39.0,92
89,26.0,39.0,93
90,26.0,39.0,94
91,26.0,39.0,95
92,26.0,39.0,96
93,26.0,39.0,97
94,26.0,39.0,98
95,26.0,39.0,100
96,26.0,39.0,101
97,26.0,39.0,102
98,26.0,39.0,103
99,26.0,39.0,104
100,26.0,39.0,105
101,26.0,39.0,106
102,26.0,39.0,107
103,26.0,39.0,108
104,26.0,39.0,109
105,26.0,39.0,110
106,26.0,39.0,111
107,26.0,39.0,112
108,26.0,39.0,113
109,26.0,39.0,114
110,26.0,39.0,115
111,26.0,39.0,116
112,26.0,39.0,117
113,26.0,39.0,118
114,26.0,39.0,119
115,26.0,39.0,120
116,26.0,39.0,121
117,26.0,39.0,122
118,26.0,39.0,123
119,26.0,39.0,124
120,26.0,39.0,125
121,26.0,39.0,126
122,26.0,39.0,127
123,26.0,39.0,128
124,26.0,39.0,129
125,26.0,39.0,130
126,26.0,39.0,131
127,26.0,39.0,132
128,26.0,39.0,134
129,26.0,39.0,135
130,26.0,39.0,136
131,26.0,39.0,137
132,26.0,40.0,138
133,26.0,40.0,139
134,26.0,40.0,140
135,26.0,40.0,141
136,26.0,40.0,142
137,26.0,40.0,143
138,26.0,40.0,144
139,26.0,40.0,145
140,26.0,40.0,146
141,26.0,40.0,147
142,26.0,40.0,148
143,26.0,40.0,149
144,26.0,40.0,150
145,26.0,40.0,151
146,26.0,40.0,152
147,26.0,40.0,153
148,26.0,40.0,154
149,26.0,40.0,155
150,26.0,40.0,156
151,26.0,40.0,157
152,26.0,40.0,158
153,26.0,40.0,159
154,26.0,40.0,160
155,26.0,40.0,161
156,26.0,40.0,162
157,26.0,40.0,163
158,26.0,40.0,164
159,26.0,40.0,165
160,26.0,39.0,166
161,26.0,39.0,168
162,26.0,39.0,169
163,26.0,39.0,170
164,26.0,40.0,171
165,26.0,40.0,172
166,26.0,39.0,173
167,26.0,39.0,174
168,26.0,39.0,175
169,26.0,39.0,176
170,26.0,39.0,177
171,26.0,39.0,178
172,26.0,39.0,179
173,26.0,39.0,180
174,26.0,39.0,181
175,26.0,39.0,182
176,26.0,39.0,183
177,26.0,39.0,184
178,26.0,39.0,185
179,26.0,39.0,186
180,26.0,40.0,187
181,26.0,40.0,188
182,26.0,40.0,189
183,26.0,40.0,190
184,26.0,40.0,191
185,26.0,40.0,192
186,26.0,40.0,193
187,26.0,40.0,194
188,26.0,40.0,195
189,26.0,40.0,196
190,26.0,40.0,197
191,26.0,40.0,198
192,26.0,40.0,199
193,26.0,40.0,200
194,26.0,40.0,202
195,26.0,40.0,203
196,26.0,40.0,204
197,26.0,40.0,205
198,26.0,40.0,206
199,26.0,40.0,207
200,26.0,39.0,208
201,26.0,39.0,209
202,26.0,40.0,210
203,26.0,40.0,211
204,26.0,40.0,212
205,26.0,40.0,213
206,26.0,39.0,214
207,26.0,39.0,215
208,26.0,40.0,216
209,26.0,40.0,217
210,26.0,40.0,218
211,26.0,40.0,219
212,26.0,39.0,220
213,26.0,39.0,221
214,26.0,40.0,222
215,26.0,40.0,223
216,26.0,39.0,224
217,26.0,39.0,225
218,26.0,40.0,226
219,26.0,40.0,227
220,26.0,40.0,228
221,26.0,40.0,229
222,26.0,40.0,230
223,26.0,40.0,231
224,26.0,40.0,232
225,26.0,40.0,233
226,26.0,40.0,234
227,26.0,40.0,236
228,26.0,40.0,237
229,26.0,40.0,238
230,26.0,40.0,239
231,26.0,40.0,240
232,26.0,40.0,241
233,26.0,40.0,242
234,26.0,40.0,243
235,26.0,40.0,244
236,26.0,40.0,245
237,26.0,40.0,246
238,26.0,40.0,247
239,26.0,40.0,248
240,26.0,40.0,249
241,26.0,40.0,250
242,26.0,40.0,251
243,26.0,40.0,252
244,26.0,40.0,253
245,26.0,40.0,254
246,26.0,40.0,255
247,26.0,40.0,256
248,26.0,40.0,257
249,26.0,40.0,258
250,26.0,40.0,259
251,26.0,40.0,260
252,26.0,40.0,261
253,26.0,40.0,262
254,26.0,40.0,263
255,26.0,40.0,264
256,26.0,40.0,265
257,26.0,40.0,266
258,26.0,40.0,267
259,26.0,40.0,268
260,26.0,40.0,270
261,26.0,40.0,271
262,26.0,40.0,272
263,26.0,40.0,273
264,26.0,40.0,274
265,26.0,40.0,275
266,26.0,40.0,276
267,26.0,40.0,277
268,26.0,40.0,278
269,26.0,40.0,279
270,26.0,40.0,280
271,26.0,40.0,281
272,26.0,40.0,282
273,26.0,40.0,283
274,26.0,40.0,284
275,26.0,40.0,285
276,26.0,40.0,286
277,26.0,40.0,287
278,26.0,40.0,288
279,26.0,40.0,289
280,26.0,40.0,290
281,26.0,40.0,291
282,26.0,40.0,292
283,26.0,40.0,293
284,26.0,40.0,294
285,26.0,40.0,295
286,26.0,40.0,296
287,26.0,40.0,297
288,26.0,40.0,298
289,26.0,40.0,299
290,26.0,40.0,300
291,26.0,40.0,301
292,26.0,40.0,302
293,26.0,40.0,304
294,26.0,40.0,305
295,26.0,40.0,306
296,26.0,40.0,307
297,26.0,40.0,308
298,26.0,40.0,309
299,26.0,40.0,310
300,26.0,40.0,311
301,26.0,40.0,312
302,26.0,40.0,313
303,26.0,40.0,314
304,26.0,40.0,315
305,26.0,40.0,316
306,26.0,40.0,317
307,26.0,40.0,318
308,26.0,40.0,319
309,26.0,40.0,320
310,26.0,40.0,321
311,26.0,40.0,322
312,26.0,40.0,323
313,26.0,40.0,324
314,26.0,40.0,325
315,26.0,40.0,326
316,26.0,40.0,327
317,26.0,40.0,328
318,26.0,40.0,329
319,26.0,40.0,330
320,26.0,40.0,331
321,26.0,40.0,332
322,26.0,40.0,333
323,26.0,40.0,334
324,26.0,40.0,335
325,26.0,40.0,336
326,26.0,40.0,338
327,26.0,40.0,339
328,26.0,40.0,340
329,26.0,40.0,341
330,26.0,40.0,342
331,26.0,40.0,343
332,26.0,40.0,344
333,26.0,40.0,345
334,26.0,40.0,346
335,26.0,40.0,347
336,26.0,40.0,348
337,26.0,40.0,349
338,26.0,40.0,350
339,26.0,40.0,351
340,26.0,40.0,352
341,26.0,40.0,353
342,26.0,40.0,354
343,26.0,40.0,355
344,26.0,40.0,356
345,26.0,40.0,357
346,26.0,40.0,358
347,26.0,40.0,359
348,26.0,40.0,360
349,26.0,40.0,361
350,26.0,40.0,362
351,26.0,40.0,363
352,26.0,40.0,364
353,26.0,40.0,365
354,26.0,40.0,366
355,26.0,40.0,367
356,26.0,40.0,368
357,26.0,40.0,369
358,26.0,40.0,371
359,26.0,40.0,372
360,26.0,40.0,373
361,26.0,40.0,374
362,26.0,40.0,375
363,26.0,40.0,376
364,26.0,40.0,377
365,26.0,40.0,378
366,26.0,40.0,379
367,26.0,40.0,380
368,26.0,40.0,381
369,26.0,40.0,382
370,26.0,40.0,383
371,26.0,40.0,384
372,26.0,40.0,385
373,26.0,40.0,386
374,26.0,40.0,387
375,26.0,40.0,388
376,26.0,40.0,389
377,26.0,40.0,390
378,26.0,40.0,391
379,26.0,40.0,392
380,26.0,40.0,393
381,26.0,40.0,394
382,26.0,40.0,395
383,26.0,40.0,396
384,26.0,40.0,397
385,26.0,40.0,398
386,26.0,40.0,399
387,26.0,40.0,400
388,26.0,40.0,401
389,26.0,40.0,402
390,26.0,40.0,403
391,26.0,40.0,405
392,26.0,40.0,406
393,26.0,40.0,407
394,26.0,40.0,408
395,26.0,40.0,409
396,26.0,40.0,410
397,26.0,40.0,411
398,26.0,40.0,412
399,26.0,40.0,413
400,26.0,40.0,414
401,26.0,40.0,415
402,26.0,40.0,416
403,26.0,40.0,417
404,26.0,40.0,418
405,26.0,40.0,419
406,26.0,40.0,420
407,26.0,40.0,421
408,26.0,40.0,422
409,26.0,40.0,423
410,26.0,40.0,424
411,26.0,40.0,425
412,26.0,40.0,426
413,26.0,40.0,427
414,26.0,40.0,428
415,26.0,40.0,429
416,26.0,40.0,430
417,26.0,40.0,431
418,26.0,40.0,432
419,26.0,40.0,433
420,26.0,40.0,434
421,26.0,40.0,435
422,26.0,40.0,436
423,26.0,40.0,437
424,26.0,40.0,439
425,26.0,40.0,440
426,26.0,40.0,441
427,26.0,40.0,442
428,26.0,39.0,443
429,26.0,39.0,444
430,26.0,40.0,445
431,26.0,40.0,446
432,26.0,39.0,447
433,26.0,39.0,448
434,26.0,40.0,449
435,26.0,40.0,450
436,26.0,39.0,451
437,26.0,39.0,452
438,26.0,39.0,453
439,26.0,39.0,454
440,26.0,40.0,455
441,26.0,40.0,456
442,26.0,39.0,457
443,26.0,39.0,458
444,26.0,39.0,459
445,26.0,39.0,460
446,26.0,39.0,461
447,26.0,39.0,462
448,26.0,39.0,463
449,26.0,39.0,464
450,26.0,39.0,465
451,26.0,39.0,466
452,26.0,39.0,467
453,26.0,39.0,468
454,26.0,40.0,469
455,26.0,40.0,470
456,26.0,40.0,471
457,26.0,40.0,473
458,26.0,40.0,474
459,26.0,40.0,475
460,26.0,39.0,476
461,26.0,39.0,477
462,26.0,40.0,478
463,26.0,40.0,479
464,26.0,39.0,480
465,26.0,39.0,481
466,26.0,40.0,482
467,26.0,40.0,483
468,26.0,40.0,484
469,26.0,40.0,485
470,26.0,40.0,486
471,26.0,40.0,487
472,26.0,40.0,488
473,26.0,40.0,489
474,26.0,40.0,490
475,26.0,40.0,491
476,26.0,40.0,492
477,26.0,40.0,493
478,26.0,39.0,494
479,26.0,39.0,495
480,26.0,40.0,496
481,26.0,40.0,497
482,26.0,39.0,498
483,26.0,39.0,499
484,26.0,40.0,500
485,26.0,40.0,501
486,26.0,40.0,502
487,26.0,40.0,503
488,26.0,40.0,504
489,26.0,40.0,505
490,26.0,39.0,506
491,26.0,39.0,508
492,26.0,39.0,509
493,26.0,39.0,510
494,26.0,39.0,511
495,26.0,39.0,512
496,26.0,39.0,513
497,26.0,39.0,514
498,26.0,39.0,515
499,26.0,39.0,516
500,26.0,39.0,517
501,26.0,39.0,518
502,26.0,39.0,519
503,26.0,39.0,520
504,26.0,39.0,521
505,26.0,39.0,522
506,26.0,39.0,523
507,26.0,39.0,524
508,26.0,39.0,525
509,26.0,39.0,526
510,26.0,39.0,527
511,26.0,39.0,528
512,26.0,39.0,529
513,26.0,39.0,530
514,26.0,39.0,531
515,26.0,39.0,532
516,26.0,39.0,533
517,26.0,39.0,534
518,26.0,39.0,535
519,26.0,39.0,536
520,26.0,39.0,537
521,26.0,39.0,538
522,26.0,39.0,539
523,26.0,39.0,541
524,26.0,39.0,542
525,26.0,39.0,543
526,26.0,39.0,544
527,26.0,39.0,545
528,26.0,39.0,546
529,26.0,39.0,547
530,26.0,39.0,548
531,26.0,39.0,549
532,26.0,39.0,550
533,26.0,39.0,551
534,26.0,39.0,552
535,26.0,39.0,553
536,26.0,39.0,554
537,26.0,39.0,555
538,26.0,39.0,556
539,26.0,39.0,557
540,26.0,39.0,558
541,26.0,39.0,559
542,26.0,39.0,560
543,26.0,39.0,561
544,26.0,39.0,562
545,26.0,39.0,563
546,26.0,39.0,564
547,26.0,39.0,565
548,26.0,39.0,566
549,26.0,39.0,567
550,26.0,39.0,568
551,26.0,39.0,569
552,26.0,39.0,570
553,26.0,39.0,571
554,26.0,39.0,572
555,26.0,39.0,573
556,26.0,39.0,575
557,26.0,39.0,576
558,26.0,39.0,577
559,26.0,39.0,578
560,26.0,39.0,579
561,26.0,39.0,580
562,26.0,39.0,581
563,26.0,39.0,582
564,26.0,39.0,583
565,26.0,39.0,584
566,26.0,39.0,585
567,26.0,39.0,586
568,26.0,39.0,587
569,26.0,39.0,588
570,26.0,39.0,589
571,26.0,39.0,590
572,26.0,39.0,591
573,26.0,39.0,592
574,26.0,39.0,593
575,26.0,39.0,594
576,26.0,39.0,595
577,26.0,39.0,596
578,26.0,39.0,597
579,26.0,39.0,598
580,26.0,39.0,599
581,26.0,39.0,600
582,26.0,39.0,601
583,26.0,39.0,602
584,26.0,39.0,603
585,26.0,39.0,604
586,26.0,39.0,605
587,26.0,39.0,606
588,26.0,39.0,607
589,26.0,39.0,609
590,26.0,39.0,610
591,26.0,39.0,611
592,26.0,39.0,612
593,26.0,39.0,613
594,26.0,39.0,614
595,26.0,39.0,615
596,26.0,39.0,616
597,26.0,39.0,617
598,26.0,39.0,618
599,26.0,39.0,619
600,26.0,39.0,620
601,26.0,39.0,621
602,26.0,39.0,622
603,26.0,39.0,623
604,26.0,39.0,624
605,26.0,39.0,625
606,26.0,39.0,626
607,26.0,39.0,627
608,26.0,39.0,628
609,26.0,39.0,629
610,26.0,39.0,630
611,26.0,39.0,631
612,26.0,39.0,632
613,26.0,39.0,633
614,26.0,39.0,634
615,26.0,39.0,635
616,26.0,39.0,636
617,26.0,39.0,637
618,26.0,39.0,638
619,26.0,39.0,639
620,26.0,39.0,640
621,26.0,39.0,641
622,26.0,39.0,643
623,26.0,39.0,644
624,26.0,39.0,645
625,26.0,39.0,646
626,26.0,39.0,647
627,26.0,39.0,648
628,26.0,39.0,649
629,26.0,39.0,650
630,26.0,39.0,651
631,26.0,39.0,652
632,26.0,39.0,653
633,26.0,39.0,654
634,26.0,39.0,655
635,26.0,39.0,656
636,26.0,39.0,657
637,26.0,39.0,658
638,26.0,39.0,659
639,26.0,39.0,660
640,26.0,39.0,661
641,26.0,39.0,662
642,26.0,39.0,663
643,26.0,39.0,664
644,26.0,39.0,665
645,26.0,39.0,666
646,26.0,39.0,667
647,26.0,39.0,668
648,26.0,39.0,669
649,26.0,39.0,670
650,26.0,39.0,671
651,26.0,39.0,672
652,26.0,39.0,673
653,26.0,39.0,674
654,26.0,39.0,675
655,26.0,39.0,677
656,26.0,39.0,678
657,26.0,39.0,679
658,26.0,39.0,680
659,26.0,39.0,681
660,26.0,39.0,682
661,26.0,39.0,683
662,26.0,39.0,684
663,26.0,39.0,685
664,26.0,39.0,686
665,26.0,39.0,687
666,26.0,39.0,688
667,26.0,39.0,689
668,26.0,39.0,690
669,26.0,39.0,691
670,26.0,39.0,692
671,26.0,39.0,693
672,26.0,39.0,694
673,26.0,39.0,695
674,26.0,39.0,696
675,26.0,39.0,697
676,26.0,39.0,698
677,26.0,39.0,699
678,26.0,39.0,700
679,26.0,39.0,701
680,26.0,39.0,702
681,26.0,39.0,703
682,26.0,39.0,704
683,26.0,39.0,705
684,26.0,39.0,706
685,26.0,39.0,707
686,26.0,39.0,708
687,26.0,39.0,710
688,26.0,39.0,711
689,26.0,39.0,712
690,26.0,39.0,713
691,26.0,39.0,714
692,26.0,38.0,715
693,26.0,38.0,716
694,26.0,39.0,717
695,26.0,39.0,718
696,26.0,39.0,719
697,26.0,39.0,720
698,26.0,39.0,721
699,26.0,39.0,722
700,26.0,39.0,723
701,26.0,39.0,724
702,26.0,39.0,725
703,26.0,39.0,726
704,26.0,39.0,727
705,26.0,39.0,728
706,26.0,39.0,729
707,26.0,39.0,730
708,26.0,39.0,731
709,26.0,39.0,732
710,26.0,39.0,733
711,26.0,39.0,734
712,26.0,39.0,735
713,26.0,39.0,736
714,26.0,39.0,737
715,26.0,39.0,738
716,26.0,39.0,739
717,26.0,39.0,740
718,26.0,39.0,741
719,26.0,39.0,742
720,26.0,38.0,744
721,26.0,38.0,745
722,26.0,39.0,746
723,26.0,39.0,747
724,26.0,39.0,748
725,26.0,39.0,749
726,26.0,39.0,750
727,26.0,39.0,751
728,26.0,38.0,752
729,26.0,38.0,753
730,26.0,38.0,754
731,26.0,38.0,755
732,26.0,39.0,756
733,26.0,39.0,757
734,26.0,39.0,758
735,26.0,39.0,759
736,26.0,39.0,760
737,26.0,39.0,761
738,26.0,38.0,762
739,26.0,38.0,763
740,26.0,38.0,764
741,26.0,38.0,765
742,26.0,38.0,766
743,26.0,38.0,767
744,26.0,38.0,768
745,26.0,38.0,769
746,26.0,38.0,770
747,26.0,38.0,771
748,26.0,38.0,772
749,26.0,38.0,773
750,26.0,38.0,774
751,26.0,38.0,775
752,26.0,38.0,776
753,26.0,38.0,778
754,26.0,38.0,779
755,26.0,38.0,780
756,26.0,38.0,781
757,26.0,38.0,782
758,26.0,39.0,783
759,26.0,39.0,784
760,26.0,39.0,785
761,26.0,39.0,786
762,26.0,39.0,787
763,26.0,39.0,788
764,26.0,39.0,789
765,26.0,39.0,790
766,26.0,39.0,791
767,26.0,39.0,792
768,26.0,39.0,793
769,26.0,39.0,794
770,26.0,39.0,795
771,26.0,39.0,796
772,26.0,39.0,797
773,26.0,39.0,798
774,26.0,39.0,799
775,26.0,39.0,800
776,26.0,39.0,801
777,26.0,39.0,802
778,26.0,39.0,803
779,26.0,39.0,804
780,26.0,39.0,805
781,26.0,39.0,806
782,26.0,39.0,807
783,26.0,39.0,808
784,26.0,39.0,809
785,26.0,39.0,810
786,26.0,39.0,812
787,26.0,39.0,813
788,26.0,39.0,814
789,26.0,39.0,815
790,26.0,39.0,816
791,26.0,39.0,817
792,26.0,39.0,818
793,26.0,39.0,819
794,26.0,39.0,820
795,26.0,39.0,821
796,26.0,39.0,822
797,26.0,39.0,823
798,26.0,39.0,824
799,26.0,39.0,825
800,26.0,39.0,826
801,26.0,39.0,827
802,26.0,39.0,828
803,26.0,39.0,829
804,26.0,39.0,830
805,26.0,39.0,831
806,26.0,39.0,832
807,26.0,39.0,833
808,26.0,39.0,834
809,26.0,39.0,835
810,26.0,39.0,836
811,26.0,39.0,837
812,26.0,40.0,838
813,26.0,40.0,839
814,26.0,40.0,840
815,26.0,40.0,841
816,26.0,40.0,842
817,26.0,40.0,843
818,26.0,40.0,844
819,26.0,40.0,846
820,26.0,40.0,847
821,26.0,40.0,848
822,26.0,40.0,849
823,26.0,40.0,850
824,26.0,40.0,851
825,26.0,40.0,852
826,26.0,40.0,853
827,26.0,40.0,854
828,26.0,40.0,855
829,26.0,40.0,856
830,26.0,40.0,857
831,26.0,40.0,858
832,26.0,40.0,859
833,26.0,40.0,860
834,26.0,40.0,861
835,26.0,40.0,862
836,26.0,40.0,863
837,26.0,40.0,864
838,26.0,40.0,865
839,26.0,40.0,866
840,26.0,40.0,867
841,26.0,40.0,868
842,26.0,40.0,869
843,26.0,40.0,870
844,26.0,40.0,871
845,26.0,40.0,872
846,26.0,40.0,873
847,26.0,40.0,874
848,26.0,40.0,875
849,26.0,40.0,876
850,26.0,40.0,877
851,26.0,40.0,878
852,26.0,40.0,880
853,26.0,40.0,881
854,26.0,40.0,882
855,26.0,40.0,883
856,26.0,40.0,884
857,26.0,40.0,885
858,26.0,40.0,886
859,26.0,40.0,887
860,26.0,40.0,888
861,26.0,40.0,889
862,26.0,40.0,890
863,26.0,40.0,891
864,26.0,40.0,892
865,26.0,40.0,893
866,26.0,40.0,894
867,26.0,40.0,895
868,26.0,40.0,896
869,26.0,40.0,897
870,26.0,40.0,898
871,26.0,40.0,899
872,26.0,40.0,900
873,26.0,40.0,901
874,26.0,40.0,902
875,26.0,40.0,903
876,26.0,40.0,904
877,26.0,40.0,905
878,26.0,40.0,906
879,26.0,40.0,907
880,26.0,40.0,908
881,26.0,40.0,909
882,26.0,40.0,910
883,26.0,40.0,911
884,26.0,40.0,912
885,26.0,40.0,914
886,26.0,40.0,915
887,26.0,40.0,916
888,26.0,40.0,917
889,26.0,40.0,918
890,26.0,40.0,919
891,26.0,40.0,920
892,26.0,40.0,921
893,26.0,40.0,922
894,26.0,40.0,923
895,26.0,40.0,924
896,26.0,40.0,925
897,26.0,40.0,926
898,26.0,40.0,927
899,26.0,40.0,928
900,26.0,40.0,929
901,26.0,40.0,930
902,26.0,40.0,931
903,26.0,40.0,932
904,26.0,40.0,933
905,26.0,40.0,934
906,25.0,39.0,935
907,25.0,39.0,936
908,26.0,41.0,937
909,26.0,41.0,938
910,25.0,40.0,939
911,25.0,40.0,940
912,26.0,40.0,941
913,26.0,40.0,942
914,26.0,41.0,943
915,26.0,41.0,944
916,25.0,40.0,945
917,25.0,40.0,946
918,25.0,39.0,948
919,25.0,39.0,949
920,25.0,40.0,950
921,25.0,40.0,951
922,25.0,40.0,952
923,25.0,40.0,953
924,25.0,40.0,954
925,25.0,40.0,955
926,26.0,41.0,956
927,26.0,41.0,957
928,26.0,41.0,958
929,26.0,41.0,959
930,26.0,41.0,960
931,26.0,41.0,961
932,25.0,40.0,962
933,25.0,40.0,963
934,25.0,40.0,964
935,25.0,40.0,965
936,26.0,41.0,966
937,26.0,41.0,967
938,25.0,40.0,968
939,25.0,40.0,969
940,25.0,40.0,970
941,25.0,40.0,971
942,26.0,41.0,972
943,26.0,41.0,973
944,25.0,40.0,974
945,25.0,40.0,975
946,25.0,40.0,976
947,25.0,40.0,977
948,25.0,40.0,978
949,25.0,40.0,979
950,25.0,40.0,980
951,25.0,40.0,982
952,25.0,40.0,983
953,25.0,40.0,984
954,25.0,39.0,985
955,25.0,39.0,986
956,25.0,40.0,987
957,25.0,40.0,988
958,26.0,40.0,989
959,26.0,40.0,990
960,25.0,39.0,991
961,25.0,39.0,992
962,25.0,40.0,993
963,25.0,40.0,994
964,25.0,40.0,995
965,25.0,40.0,996
966,25.0,39.0,997
967,25.0,39.0,998
968,25.0,40.0,999
969,25.0,40.0,1000
970,25.0,40.0,1001
971,25.0,40.0,1002
972,26.0,41.0,1003
973,26.0,41.0,1004
974,25.0,40.0,1005
975,25.0,40.0,1006
976,25.0,40.0,1007
977,25.0,40.0,1008
978,25.0,40.0,1009
979,25.0,40.0,1010
980,26.0,41.0,1011
981,26.0,41.0,1012
982,25.0,40.0,1013
983,25.0,40.0,1014
984,26.0,41.0,1016
985,26.0,41.0,1017
986,26.0,41.0,1018
987,26.0,41.0,1019
988,26.0,41.0,1020
989,26.0,41.0,1021
990,26.0,41.0,1022
991,26.0,41.0,1023
992,26.0,41.0,1024
993,26.0,41.0,1025
994,26.0,41.0,1026
995,26.0,41.0,1027
996,26.0,41.0,1028
997,26.0,41.0,1029
998,26.0,41.0,1030
999,26.0,41.0,1031
1000,26.0,41.0,1032
1001,26.0,41.0,1033
1002,26.0,41.0,1034
1003,26.0,41.0,1035
1004,26.0,40.0,1036
1005,26.0,40.0,1037
1006,26.0,40.0,1038
1007,26.0,40.0,1039
1008,26.0,40.0,1040
1009,26.0,40.0,1041
1010,26.0,40.0,1042
1011,26.0,40.0,1043
1012,26.0,40.0,1044
1013,26.0,40.0,1045
1014,26.0,41.0,1046
1015,26.0,41.0,1047
1016,26.0,40.0,1048
1017,26.0,40.0,1050
1018,26.0,41.0,1051
1019,26.0,41.0,1052
1020,26.0,41.0,1053
1021,26.0,41.0,1054
1022,26.0,41.0,1055
1023,26.0,41.0,1056
1024,26.0,41.0,1057
1025,26.0,41.0,1058
1026,26.0,41.0,1059
1027,26.0,41.0,1060
1028,26.0,41.0,1061
1029,26.0,41.0,1062
1030,26.0,40.0,1063
1031,26.0,40.0,1064
1032,26.0,40.0,1065
1033,26.0,40.0,1066
1034,26.0,40.0,1067
1035,26.0,40.0,1068
1036,26.0,40.0,1069
1037,26.0,40.0,1070
1038,26.0,40.0,1071
1039,26.0,40.0,1072
1040,26.0,40.0,1073
1041,26.0,40.0,1074
1042,26.0,40.0,1075
1043,26.0,40.0,1076
1044,26.0,40.0,1077
1045,26.0,40.0,1078
1046,26.0,40.0,1079
1047,26.0,40.0,1080
1048,26.0,40.0,1081
1049,26.0,40.0,1082
1050,26.0,41.0,1084
1051,26.0,41.0,1085
1052,26.0,40.0,1086
1053,26.0,40.0,1087
1054,26.0,40.0,1088
1055,26.0,40.0,1089
1056,26.0,40.0,1090
1057,26.0,40.0,1091
1058,26.0,40.0,1092
1059,26.0,40.0,1093
1060,26.0,40.0,1094
1061,26.0,40.0,1095
1062,26.0,40.0,1096
1063,26.0,40.0,1097
1064,26.0,40.0,1098
1065,26.0,40.0,1099
1066,26.0,40.0,1100
1067,26.0,40.0,1101
1068,26.0,40.0,1102
1069,26.0,40.0,1103
1070,26.0,40.0,1104
1071,26.0,40.0,1105
1072,26.0,40.0,1106
1073,26.0,40.0,1107
1074,26.0,40.0,1108
1075,26.0,40.0,1109
1076,26.0,40.0,1110
1077,26.0,40.0,1111
1078,25.0,39.0,1112
1079,25.0,39.0,1113
1080,26.0,40.0,1114
1081,26.0,40.0,1115
1082,26.0,40.0,1116
1083,26.0,40.0,1118
1084,25.0,39.0,1119
1085,25.0,39.0,1120
1086,26.0,40.0,1121
1087,26.0,40.0,1122
1088,26.0,40.0,1123
1089,26.0,40.0,1124
1090,25.0,39.0,1125
1091,25.0,39.0,1126
1092,25.0,39.0,1127
1093,25.0,39.0,1128
1094,25.0,40.0,1129
1095,25.0,40.0,1130
1096,25.0,40.0,1131
1097,25.0,40.0,1132
1098,26.0,41.0,1133
1099,26.0,41.0,1134
1100,26.0,41.0,1135
1101,26.0,41.0,1136
1102,25.0,40.0,1137
1103,25.0,40.0,1138
1104,25.0,39.0,1139
1105,25.0,39.0,1140
1106,26.0,40.0,1141
1107,26.0,40.0,1142
1108,26.0,40.0,1143
1109,26.0,40.0,1144
1110,26.0,40.0,1145
1111,26.0,40.0,1146
1112,26.0,40.0,1147
1113,26.0,40.0,1148
1114,26.0,40.0,1149
1115,26.0,40.0,1151
1116,26.0,40.0,1152
1117,26.0,40.0,1153
1118,25.0,39.0,1154
1119,25.0,39.0,1155
1120,25.0,40.0,1156
1121,25.0,40.0,1157
1122,25.0,39.0,1158
1123,25.0,39.0,1159
1124,25.0,39.0,1160
1125,25.0,39.0,1161
1126,25.0,40.0,1162
1127,25.0,40.0,1163
1128,25.0,39.0,1164
1129,25.0,39.0,1165
1130,25.0,40.0,1166
1131,25.0,40.0,1167
1132,25.0,40.0,1168
1133,25.0,40.0,1169
1134,25.0,39.0,1170
1135,25.0,39.0,1171
1136,25.0,40.0,1172
1137,25.0,40.0,1173
1138,25.0,39.0,1174
1139,25.0,39.0,1175
1140,25.0,39.0,1176
1141,25.0,39.0,1177
1142,25.0,39.0,1178
1143,25.0,39.0,1179
1144,25.0,40.0,1180
1145,25.0,40.0,1181
1146,25.0,40.0,1182
1147,25.0,40.0,1183
1148,25.0,39.0,1185
1149,25.0,39.0,1186
1150,25.0,40.0,1187
1151,25.0,40.0,1188
1152,26.0,41.0,1189
1153,26.0,41.0,1190
1154,25.0,40.0,1191
1155,25.0,40.0,1192
1156,25.0,40.0,1193
1157,25.0,40.0,1194
1158,25.0,40.0,1195
1159,25.0,40.0,1196
1160,25.0,40.0,1197
1161,25.0,40.0,1198
1162,25.0,40.0,1199
1163,25.0,40.0,1200
1164,25.0,40.0,1201
1165,25.0,40.0,1202
1166,26.0,40.0,1203
1167,26.0,40.0,1204
1168,25.0,40.0,1205
1169,25.0,40.0,1206
1170,25.0,40.0,1207
1171,25.0,40.0,1208
1172,25.0,40.0,1209
1173,25.0,40.0,1210
1174,25.0,40.0,1211
1175,25.0,40.0,1212
1176,26.0,41.0,1213
1177,26.0,41.0,1214
1178,25.0,40.0,1215
1179,25.0,40.0,1216
1180,25.0,39.0,1217
1181,25.0,39.0,1218
1182,25.0,40.0,1220
1183,25.0,40.0,1221
1184,25.0,40.0,1222
1185,25.0,40.0,1223
1186,25.0,40.0,1224
1187,25.0,40.0,1225
1188,25.0,40.0,1226
1189,25.0,40.0,1227
1190,25.0,40.0,1228
1191,25.0,40.0,1229
1192,25.0,40.0,1230
1193,25.0,40.0,1231
1194,25.0,40.0,1232
1195,25.0,40.0,1233
1196,25.0,40.0,1234
1197,25.0,40.0,1235
1198,25.0,40.0,1236
1199,25.0,40.0,1237
1200,26.0,41.0,1238
1201,26.0,41.0,1239
1202,25.0,40.0,1240
1203,25.0,40.0,1241
1204,25.0,40.0,1242
1205,25.0,40.0,1243
1206,25.0,40.0,1244
1207,25.0,40.0,1245
1208,25.0,40.0,1246
1209,25.0,40.0,1247
1210,25.0,40.0,1248
1211,25.0,40.0,1249
1212,25.0,39.0,1250
1213,25.0,39.0,1251
1214,25.0,39.0,1253
1215,25.0,39.0,1254
1216,25.0,39.0,1255
1217,25.0,39.0,1256
1218,25.0,40.0,1257
1219,25.0,40.0,1258
1220,25.0,40.0,1259
1221,25.0,40.0,1260
1222,25.0,40.0,1261
1223,25.0,40.0,1262
1224,25.0,40.0,1263
1225,25.0,40.0,1264
1226,25.0,40.0,1265
1227,25.0,40.0,1266
1228,25.0,40.0,1267
1229,25.0,40.0,1268
1230,25.0,40.0,1269
1231,25.0,40.0,1270
1232,25.0,40.0,1271
1233,25.0,40.0,1272
1234,25.0,40.0,1273
1235,25.0,40.0,1274
1236,25.0,40.0,1275
1237,25.0,40.0,1276
1238,25.0,40.0,1277
1239,25.0,40.0,1278
1240,25.0,40.0,1279
1241,25.0,40.0,1280
1242,25.0,40.0,1281
1243,25.0,40.0,1282
1244,25.0,40.0,1283
1245,25.0,40.0,1284
1246,25.0,40.0,1286
1247,25.0,40.0,1287
1248,25.0,40.0,1288
1249,25.0,40.0,1289
1250,25.0,40.0,1290
1251,25.0,40.0,1291
1252,25.0,40.0,1292
1253,25.0,40.0,1293
1254,25.0,40.0,1294
1255,25.0,40.0,1295
1256,25.0,40.0,1296
1257,25.0,40.0,1297
1258,25.0,40.0,1298
1259,25.0,40.0,1299
1260,26.0,41.0,1300
1261,26.0,41.0,1301
1262,25.0,40.0,1302
1263,25.0,40.0,1303
1264,26.0,41.0,1304
1265,26.0,41.0,1305
1266,26.0,41.0,1306
1267,26.0,41.0,1307
1268,26.0,41.0,1308
1269,26.0,41.0,1309
1270,26.0,41.0,1310
1271,26.0,41.0,1311
1272,26.0,41.0,1312
1273,26.0,41.0,1313
1274,26.0,41.0,1314
1275,26.0,41.0,1315
1276,26.0,41.0,1316
1277,26.0,41.0,1317
1278,26.0,41.0,1318
1279,26.0,41.0,1319
1280,26.0,41.0,1321
1281,26.0,41.0,1322
1282,26.0,41.0,1323
1283,26.0,41.0,1324
1284,26.0,41.0,1325
1285,26.0,41.0,1326
1286,26.0,41.0,1327
1287,26.0,41.0,1328
1288,26.0,41.0,1329
1289,26.0,41.0,1330
1290,26.0,41.0,1331
1291,26.0,41.0,1332
1292,26.0,40.0,1333
1293,26.0,40.0,1334
1294,26.0,40.0,1335
1295,26.0,40.0,1336
1296,26.0,41.0,1337
1297,26.0,41.0,1338
1298,26.0,41.0,1339
1299,26.0,41.0,1340
1300,26.0,41.0,1341
1301,26.0,41.0,1342
1302,26.0,41.0,1343
1303,26.0,41.0,1344
1304,26.0,41.0,1345
1305,26.0,41.0,1346
1306,26.0,41.0,1347
1307,26.0,41.0,1348
1308,26.0,41.0,1349
1309,26.0,41.0,1350
1310,26.0,41.0,1351
1311,26.0,41.0,1352
1312,26.0,40.0,1353
1313,26.0,40.0,1355
1314,26.0,40.0,1356
1315,26.0,40.0,1357
1316,26.0,40.0,1358
1317,26.0,40.0,1359
1318,26.0,41.0,1360
1319,26.0,41.0,1361
1320,26.0,41.0,1362
1321,26.0,41.0,1363
1322,26.0,41.0,1364
1323,26.0,41.0,1365
1324,26.0,41.0,1366
1325,26.0,41.0,1367
1326,26.0,41.0,1368
1327,26.0,41.0,1369
1328,26.0,41.0,1370
1329,26.0,41.0,1371
1330,26.0,41.0,1372
1331,26.0,41.0,1373
1332,26.0,41.0,1374
1333,26.0,41.0,1375
1334,26.0,40.0,1376
1335,26.0,40.0,1377
1336,26.0,40.0,1378
1337,26.0,40.0,1379
1338,26.0,40.0,1380
1339,26.0,40.0,1381
1340,26.0,40.0,1382
1341,26.0,40.0,1383
1342,26.0,40.0,1384
1343,26.0,40.0,1385
1344,26.0,40.0,1386
1345,26.0,40.0,1387
1346,26.0,40.0,1389
1347,26.0,40.0,1390
1348,26.0,40.0,1391
1349,26.0,40.0,1392
1350,26.0,41.0,1393
1351,26.0,41.0,1394
1352,26.0,41.0,1395
1353,26.0,41.0,1396
1354,26.0,41.0,1397
1355,26.0,41.0,1398
1356,26.0,41.0,1399
1357,26.0,41.0,1400
1358,26.0,41.0,1401
1359,26.0,41.0,1402
1360,26.0,41.0,1403
1361,26.0,41.0,1404
1362,26.0,42.0,1405
1363,26.0,42.0,1406
1364,26.0,42.0,1407
1365,26.0,42.0,1408
1366,26.0,43.0,1409
1367,26.0,43.0,1410
1368,26.0,42.0,1411
1369,26.0,42.0,1412
1370,26.0,42.0,1413
1371,26.0,42.0,1414
1372,26.0,42.0,1415
1373,26.0,42.0,1416
1374,26.0,42.0,1417
1375,26.0,42.0,1418
1376,26.0,41.0,1419
1377,26.0,41.0,1420
1378,26.0,41.0,1422
1379,26.0,41.0,1423
1380,26.0,41.0,1424
1381,26.0,41.0,1425
1382,26.0,41.0,1426
1383,26.0,41.0,1427
1384,26.0,41.0,1428
1385,26.0,41.0,1429
1386,26.0,41.0,1430
1387,26.0,41.0,1431
1388,26.0,41.0,1432
1389,26.0,41.0,1433
1390,26.0,41.0,1434
1391,26.0,41.0,1435
1392,26.0,41.0,1436
1393,26.0,41.0,1437
1394,26.0,41.0,1438
1395,26.0,41.0,1439
1396,26.0,41.0,1440
1397,26.0,41.0,1441
1398,26.0,41.0,1442
1399,26.0,41.0,1443
1400,26.0,41.0,1444
1401,26.0,41.0,1445
1402,26.0,40.0,1446
1403,26.0,40.0,1447
1404,26.0,40.0,1448
1405,26.0,40.0,1449
1406,26.0,40.0,1450
1407,26.0,40.0,1451
1408,26.0,41.0,1452
1409,26.0,41.0,1453
1410,26.0,41.0,1454
1411,26.0,41.0,1455
1412,26.0,41.0,1457
1413,26.0,41.0,1458
1414,26.0,41.0,1459
1415,26.0,41.0,1460
1416,26.0,41.0,1461
1417,26.0,41.0,1462
1418,26.0,41.0,1463
1419,26.0,41.0,1464
1420,26.0,41.0,1465
1421,26.0,41.0,1466
1422,26.0,41.0,1467
1423,26.0,41.0,1468
1424,26.0,41.0,1469
1425,26.0,41.0,1470
1426,26.0,41.0,1471
1427,26.0,41.0,1472
1428,26.0,41.0,1473
1429,26.0,41.0,1474
1430,26.0,41.0,1475
1431,26.0,41.0,1476
1432,26.0,41.0,1477
1433,26.0,41.0,1478
1434,25.0,40.0,1479
1435,25.0,40.0,1480
1436,26.0,41.0,1481
1437,26.0,41.0,1482
1438,25.0,40.0,1483
1439,25.0,40.0,1484
1440,25.0,40.0,1485
1441,25.0,40.0,1486
1442,25.0,40.0,1487
1443,25.0,40.0,1488
1444,25.0,40.0,1489
1445,25.0,40.0,1491
1446,25.0,40.0,1492
1447,25.0,40.0,1493
1448,25.0,40.0,1494
1449,25.0,40.0,1495
1450,25.0,40.0,1496
1451,25.0,40.0,1497
1452,25.0,40.0,1498
1453,25.0,40.0,1499
1454,26.0,41.0,1500
1455,26.0,41.0,1501
1456,25.0,40.0,1502
1457,25.0,40.0,1503
1458,25.0,40.0,1504
1459,25.0,40.0,1505
1460,25.0,40.0,1506
1461,25.0,40.0,1507
1462,25.0,40.0,1508
1463,25.0,40.0,1509
1464,25.0,40.0,1510
1465,25.0,40.0,1511
1466,25.0,40.0,1512
1467,25.0,40.0,1513
1468,25.0,40.0,1514
1469,25.0,40.0,1515
1470,25.0,40.0,1516
1471,25.0,40.0,1517
1472,25.0,40.0,1518
1473,25.0,40.0,1519
1474,25.0,40.0,1520
1475,25.0,40.0,1521
1476,25.0,40.0,1522
1477,25.0,40.0,1524
1478,25.0,40.0,1525
1479,25.0,40.0,1526
1480,25.0,40.0,1527
1481,25.0,40.0,1528
1482,25.0,40.0,1529
1483,25.0,40.0,1530
1484,25.0,40.0,1531
1485,25.0,40.0,1532
1486,25.0,40.0,1533
1487,25.0,40.0,1534
1488,25.0,40.0,1535
1489,25.0,40.0,1536
1490,25.0,40.0,1537
1491,25.0,40.0,1538
1492,26.0,41.0,1539
1493,26.0,41.0,1540
1494,25.0,40.0,1541
1495,25.0,40.0,1542
1496,26.0,41.0,1543
1497,26.0,41.0,1544
1498,26.0,41.0,1545
1499,26.0,41.0,1546
1500,26.0,41.0,1547
1501,26.0,41.0,1548
1502,26.0,41.0,1549
1503,26.0,41.0,1550
1504,26.0,41.0,1551
1505,26.0,41.0,1552
1506,26.0,40.0,1553
1507,26.0,40.0,1554
1508,26.0,40.0,1555
1509,26.0,40.0,1556
1510,26.0,40.0,1558
1511,26.0,40.0,1559
1512,26.0,40.0,1560
1513,26.0,40.0,1561
1514,26.0,40.0,1562
1515,26.0,40.0,1563
1516,26.0,40.0,1564
1517,26.0,40.0,1565
1518,26.0,40.0,1566
1519,26.0,40.0,1567
1520,26.0,40.0,1568
1521,26.0,40.0,1569
1522,26.0,40.0,1570
1523,26.0,40.0,1571
1524,26.0,40.0,1572
1525,26.0,40.0,1573
1526,26.0,40.0,1574
1527,26.0,40.0,1575
1528,26.0,40.0,1576
1529,26.0,40.0,1577
1530,26.0,40.0,1578
1531,26.0,40.0,1579
1532,26.0,40.0,1580
1533,26.0,40.0,1581
1534,26.0,40.0,1582
1535,26.0,40.0,1583
1536,26.0,40.0,1584
1537,26.0,40.0,1585
1538,26.0,42.0,1586
1539,26.0,42.0,1587
1540,26.0,42.0,1588
1541,26.0,42.0,1589
1542,26.0,42.0,1590
1543,26.0,42.0,1592
1544,26.0,42.0,1593
1545,26.0,42.0,1594
1546,26.0,42.0,1595
1547,26.0,42.0,1596
1548,26.0,41.0,1597
1549,26.0,41.0,1598
1550,26.0,41.0,1599
1551,26.0,41.0,1600
1552,26.0,41.0,1601
1553,26.0,41.0,1602
1554,26.0,41.0,1603
1555,26.0,41.0,1604
1556,26.0,41.0,1605
1557,26.0,41.0,1606
1558,26.0,41.0,1607
1559,26.0,41.0,1608
1560,26.0,41.0,1609
1561,26.0,41.0,1610
1562,26.0,40.0,1611
1563,26.0,40.0,1612
1564,26.0,40.0,1613
1565,26.0,40.0,1614
1566,26.0,40.0,1615
1567,26.0,40.0,1616
1568,26.0,40.0,1617
1569,26.0,40.0,1618
1570,26.0,40.0,1619
1571,26.0,40.0,1620
1572,26.0,40.0,1621
1573,26.0,40.0,1622
1574,26.0,40.0,1623
1575,26.0,40.0,1624
1576,26.0,40.0,1626
1577,26.0,40.0,1627
1578,26.0,40.0,1628
1579,26.0,40.0,1629
1580,26.0,40.0,1630
1581,26.0,40.0,1631
1582,26.0,40.0,1632
1583,26.0,40.0,1633
1584,26.0,40.0,1634
1585,26.0,40.0,1635
1586,26.0,40.0,1636
1587,26.0,40.0,1637
1588,25.0,39.0,1638
1589,25.0,39.0,1639
1590,25.0,40.0,1640
1591,25.0,40.0,1641
1592,25.0,40.0,1642
1593,25.0,40.0,1643
1594,25.0,40.0,1644
1595,25.0,40.0,1645
1596,25.0,40.0,1646
1597,25.0,40.0,1647
1598,25.0,40.0,1648
1599,25.0,40.0,1649
1600,25.0,40.0,1650
1601,25.0,40.0,1651
1602,26.0,40.0,1652
1603,26.0,40.0,1653
1604,25.0,40.0,1654
1605,25.0,40.0,1655
1606,25.0,40.0,1656
1607,25.0,40.0,1657
1608,25.0,40.0,1658
1609,25.0,40.0,1660
1610,25.0,40.0,1661
1611,25.0,40.0,1662
1612,25.0,40.0,1663
1613,25.0,40.0,1664
1614,25.0,40.0,1665
1615,25.0,40.0,1666
1616,25.0,40.0,1667
1617,25.0,40.0,1668
1618,25.0,40.0,1669
1619,25.0,40.0,1670
1620,25.0,40.0,1671
1621,25.0,40.0,1672
1622,25.0,40.0,1673
1623,25.0,40.0,1674
1624,25.0,40.0,1675
1625,25.0,40.0,1676
1626,25.0,40.0,1677
1627,25.0,40.0,1678
1628,25.0,40.0,1679
1629,25.0,40.0,1680
1630,25.0,40.0,1681
1631,25.0,40.0,1682
1632,25.0,40.0,1683
1633,25.0,40.0,1684
1634,25.0,40.0,1685
1635,25.0,40.0,1686
1636,25.0,40.0,1687
1637,25.0,40.0,1688
1638,25.0,40.0,1689
1639,25.0,40.0,1690
1640,25.0,40.0,1691
1641,25.0,40.0,1692
1642,25.0,40.0,1694
1643,25.0,40.0,1695
1644,25.0,40.0,1696
1645,25.0,40.0,1697
1646,25.0,40.0,1698
1647,25.0,40.0,1699
1648,25.0,40.0,1700
1649,25.0,40.0,1701
1650,25.0,40.0,1702
1651,25.0,40.0,1703
1652,26.0,41.0,1704
1653,26.0,41.0,1705
1654,25.0,40.0,1706
1655,25.0,40.0,1707
1656,26.0,40.0,1708
1657,26.0,40.0,1709
1658,26.0,40.0,1710
1659,26.0,40.0,1711
1660,26.0,41.0,1712
1661,26.0,41.0,1713
1662,26.0,41.0,1714
1663,26.0,41.0,1715
1664,26.0,41.0,1716
1665,26.0,41.0,1717
1666,26.0,41.0,1718
1667,26.0,41.0,1719
1668,26.0,41.0,1720
1669,26.0,41.0,1721
1670,26.0,41.0,1722
1671,26.0,41.0,1723
1672,26.0,41.0,1724
1673,26.0,41.0,1725
1674,26.0,41.0,1726
1675,26.0,41.0,1728
1676,26.0,41.0,1729
1677,26.0,41.0,1730
1678,26.0,40.0,1731
1679,26.0,40.0,1732
1680,26.0,40.0,1733
1681,26.0,40.0,1734
1682,26.0,40.0,1735
1683,26.0,40.0,1736
1684,26.0,40.0,1737
1685,26.0,40.0,1738
1686,26.0,40.0,1739
1687,26.0,40.0,1740
1688,26.0,40.0,1741
1689,26.0,40.0,1742
1690,26.0,40.0,1743
1691,26.0,40.0,1744
1692,26.0,40.0,1745
1693,26.0,40.0,1746
1694,26.0,40.0,1747
1695,26.0,40.0,1748
1696,26.0,40.0,1749
1697,26.0,40.0,1750
1698,26.0,40.0,1751
1699,26.0,40.0,1752
1700,26.0,40.0,1753
1701,26.0,40.0,1754
1702,26.0,40.0,1755
1703,26.0,40.0,1756
1704,26.0,40.0,1757
1705,26.0,40.0,1758
1706,26.0,40.0,1759
1707,26.0,40.0,1760
1708,26.0,40.0,1762
1709,26.0,40.0,1763
1710,26.0,40.0,1764
1711,26.0,40.0,1765
1712,26.0,40.0,1766
1713,26.0,40.0,1767
1714,26.0,40.0,1768
1715,26.0,40.0,1769
1716,26.0,40.0,1770
1717,26.0,40.0,1771
1718,26.0,40.0,1772
1719,26.0,40.0,1773
1720,26.0,40.0,1774
1721,26.0,40.0,1775
1722,26.0,40.0,1776
1723,26.0,40.0,1777
1724,26.0,40.0,1778
1725,26.0,40.0,1779
1726,26.0,40.0,1780
1727,26.0,40.0,1781
1728,26.0,40.0,1782
1729,26.0,40.0,1783
1730,26.0,40.0,1784
1731,26.0,40.0,1785
1732,26.0,40.0,1786
1733,26.0,40.0,1787
1734,26.0,40.0,1788
1735,26.0,40.0,1789
1736,26.0,40.0,1790
1737,26.0,40.0,1791
1738,26.0,40.0,1792
1739,26.0,40.0,1793
1740,26.0,40.0,1795
1741,26.0,40.0,1796
1742,26.0,40.0,1797
1743,26.0,40.0,1798
1744,26.0,40.0,1799
1745,26.0,40.0,1800
1746,26.0,40.0,1801
1747,26.0,40.0,1802
1748,26.0,40.0,1803
1749,26.0,40.0,1804
1750,26.0,40.0,1805
1751,26.0,40.0,1806
1752,26.0,40.0,1807
1753,26.0,40.0,1808
1754,26.0,40.0,1809
1755,26.0,40.0,1810
1756,26.0,40.0,1811
1757,26.0,40.0,1812
1758,26.0,40.0,1813
1759,26.0,40.0,1814
1760,26.0,40.0,1815
1761,26.0,40.0,1816
1762,26.0,40.0,1817
1763,26.0,40.0,1818
1764,26.0,40.0,1819
1765,26.0,40.0,1820
1766,26.0,40.0,1821
1767,26.0,40.0,1822
1768,26.0,41.0,1823
1769,26.0,41.0,1824
1770,26.0,41.0,1825
1771,26.0,41.0,1826
1772,26.0,41.0,1827
1773,26.0,41.0,1829
1774,26.0,41.0,1830
1775,26.0,41.0,1831
1776,26.0,41.0,1832
1777,26.0,41.0,1833
1778,26.0,41.0,1834
1779,26.0,41.0,1835
1780,26.0,41.0,1836
1781,26.0,41.0,1837
1782,26.0,40.0,1838
1783,26.0,40.0,1839
1784,26.0,40.0,1840
1785,26.0,40.0,1841
1786,26.0,40.0,1842
1787,26.0,40.0,1843
1788,26.0,40.0,1844
1789,26.0,40.0,1845
1790,26.0,40.0,1846
1791,26.0,40.0,1847
1792,26.0,40.0,1848
1793,26.0,40.0,1849
1794,26.0,40.0,1850
1795,26.0,40.0,1851
1796,26.0,40.0,1852
1797,26.0,40.0,1853
1798,26.0,40.0,1854
1799,26.0,40.0,1855
1800,25.0,40.0,1856
1801,25.0,40.0,1857
1802,26.0,41.0,1858
1803,26.0,41.0,1859
1804,25.0,40.0,1860
1805,25.0,40.0,1861
1806,25.0,40.0,1862
1807,25.0,40.0,1864
1808,25.0,40.0,1865
1809,25.0,40.0,1866
1810,25.0,40.0,1867
1811,25.0,40.0,1868
1812,25.0,40.0,1869
1813,25.0,40.0,1870
1814,25.0,40.0,1871
1815,25.0,40.0,1872
1816,25.0,40.0,1873
1817,25.0,40.0,1874
1818,25.0,40.0,1875
1819,25.0,40.0,1876
1820,25.0,40.0,1877
1821,25.0,40.0,1878
1822,25.0,40.0,1879
1823,25.0,40.0,1880
1824,25.0,40.0,1881
1825,25.0,40.0,1882
1826,25.0,40.0,1883
1827,25.0,40.0,1884
1828,25.0,40.0,1885
1829,25.0,40.0,1886
1830,25.0,40.0,1887
1831,25.0,40.0,1888
1832,25.0,40.0,1889
1833,25.0,40.0,1890
1834,25.0,40.0,1891
1835,25.0,40.0,1892
1836,25.0,40.0,1893
1837,25.0,40.0,1894
1838,25.0,40.0,1895
1839,25.0,40.0,1896
1840,25.0,40.0,1898
1841,25.0,40.0,1899
1842,25.0,40.0,1900
1843,25.0,40.0,1901
1844,25.0,40.0,1902
1845,25.0,40.0,1903
1846,25.0,40.0,1904
1847,25.0,40.0,1905
1848,25.0,40.0,1906
1849,25.0,40.0,1907
1850,26.0,41.0,1908
1851,26.0,41.0,1909
1852,25.0,40.0,1910
1853,25.0,40.0,1911
1854,26.0,41.0,1912
1855,26.0,41.0,1913
1856,26.0,41.0,1914
1857,26.0,41.0,1915
1858,26.0,41.0,1916
1859,26.0,41.0,1917
1860,26.0,41.0,1918
1861,26.0,41.0,1919
1862,26.0,41.0,1920
1863,26.0,41.0,1921
1864,26.0,40.0,1922
1865,26.0,40.0,1923
1866,26.0,40.0,1924
1867,26.0,40.0,1925
1868,26.0,40.0,1926
1869,26.0,40.0,1927
1870,26.0,41.0,1928
1871,26.0,41.0,1929
1872,26.0,41.0,1930
1873,26.0,41.0,1932
1874,26.0,40.0,1933
1875,26.0,40.0,1934
1876,26.0,40.0,1935
1877,26.0,40.0,1936
1878,26.0,40.0,1937
1879,26.0,40.0,1938
1880,26.0,40.0,1939
1881,26.0,40.0,1940
1882,26.0,41.0,1941
1883,26.0,41.0,1942
1884,26.0,40.0,1943
1885,26.0,40.0,1944
1886,26.0,40.0,1945
1887,26.0,40.0,1946
1888,26.0,40.0,1947
1889,26.0,40.0,1948
1890,26.0,40.0,1949
1891,26.0,40.0,1950
1892,26.0,40.0,1951
1893,26.0,40.0,1952
1894,26.0,40.0,1953
1895,26.0,40.0,1954
1896,26.0,40.0,1955
1897,26.0,40.0,1956
1898,26.0,40.0,1957
1899,26.0,40.0,1958
1900,26.0,40.0,1959
1901,26.0,40.0,1960
1902,26.0,40.0,1961
1903,26.0,40.0,1962
1904,26.0,40.0,1963
1905,26.0,40.0,1964
1906,26.0,40.0,1966
1907,26.0,40.0,1967
1908,26.0,40.0,1968
1909,26.0,40.0,1969
1910,26.0,40.0,1970
1911,26.0,40.0,1971
1912,26.0,40.0,1972
1913,26.0,40.0,1973
1914,26.0,40.0,1974
1915,26.0,40.0,1975
1916,26.0,40.0,1976
1917,26.0,40.0,1977
1918,26.0,40.0,1978
1919,26.0,40.0,1979
1920,26.0,40.0,1980
1921,26.0,40.0,1981
1922,26.0,40.0,1982
1923,26.0,40.0,1983
1924,26.0,40.0,1984
1925,26.0,40.0,1985
1926,26.0,40.0,1986
1927,26.0,40.0,1987
1928,26.0,40.0,1988
1929,26.0,40.0,1989
1930,26.0,40.0,1990
1931,26.0,40.0,1991
1932,26.0,40.0,1992
1933,26.0,40.0,1993
1934,26.0,40.0,1994
1935,26.0,40.0,1995
1936,26.0,40.0,1996
1937,26.0,40.0,1997
1938,26.0,40.0,1999
1939,26.0,40.0,2000
1940,26.0,40.0,2001
1941,26.0,40.0,2002
1942,26.0,40.0,2003
1943,26.0,40.0,2004
1944,26.0,40.0,2005
1945,26.0,40.0,2006
1946,26.0,40.0,2007
1947,26.0,40.0,2008
1948,26.0,40.0,2009
1949,26.0,40.0,2010
1950,26.0,40.0,2011
1951,26.0,40.0,2012
1952,26.0,40.0,2013
1953,26.0,40.0,2014
1954,26.0,40.0,2015
1955,26.0,40.0,2016
1956,26.0,39.0,2017
1957,26.0,39.0,2018
1958,26.0,39.0,2019
1959,26.0,39.0,2020
1960,26.0,40.0,2021
1961,26.0,40.0,2022
1962,26.0,40.0,2023
1963,26.0,40.0,2024
1964,26.0,40.0,2025
1965,26.0,40.0,2026
1966,26.0,40.0,2027
1967,26.0,40.0,2028
1968,26.0,40.0,2029
1969,26.0,40.0,2030
1970,26.0,40.0,2031
1971,26.0,40.0,2033
1972,26.0,40.0,2034
1973,26.0,40.0,2035
1974,26.0,40.0,2036
1975,26.0,40.0,2037
1976,26.0,40.0,2038
1977,26.0,40.0,2039
1978,26.0,40.0,2040
1979,26.0,40.0,2041
1980,26.0,40.0,2042
1981,26.0,40.0,2043
1982,26.0,40.0,2044
1983,26.0,40.0,2045
1984,26.0,40.0,2046
1985,26.0,40.0,2047
1986,26.0,40.0,2048
1987,26.0,40.0,2049
1988,26.0,40.0,2050
1989,26.0,40.0,2051
1990,26.0,40.0,2052
1991,26.0,40.0,2053
1992,26.0,40.0,2054
1993,26.0,40.0,2055
1994,26.0,40.0,2056
1995,26.0,40.0,2057
1996,26.0,40.0,2058
1997,26.0,40.0,2059
1998,26.0,40.0,2060
1999,26.0,40.0,2061
2000,26.0,39.0,2062
2001,26.0,39.0,2063
2002,26.0,39.0,2065
2003,26.0,39.0,2065
2004,26.0,40.0,2067
2005,26.0,40.0,2068
2006,26.0,39.0,2069
2007,26.0,39.0,2070
2008,26.0,39.0,2071
2009,26.0,39.0,2072
2010,26.0,39.0,2073
2011,26.0,39.0,2074
2012,26.0,39.0,2075
2013,26.0,39.0,2076
2014,26.0,39.0,2077
2015,26.0,39.0,2078
2016,26.0,39.0,2079
2017,26.0,39.0,2080
2018,26.0,39.0,2081
2019,26.0,39.0,2082
2020,26.0,39.0,2083
2021,26.0,39.0,2084
2022,26.0,39.0,2085
2023,26.0,39.0,2086
2024,26.0,39.0,2087
2025,26.0,39.0,2088
2026,26.0,39.0,2089
2027,26.0,39.0,2090
2028,26.0,39.0,2091
2029,26.0,39.0,2092
2030,26.0,39.0,2093
2031,26.0,39.0,2094
2032,26.0,39.0,2095
2033,26.0,39.0,2096
2034,26.0,39.0,2097
2035,26.0,39.0,2098
2036,26.0,39.0,2099
2037,26.0,39.0,2101
2038,26.0,39.0,2102
2039,26.0,39.0,2103
2040,26.0,39.0,2104
2041,26.0,39.0,2105
2042,26.0,39.0,2106
2043,26.0,39.0,2107
2044,26.0,39.0,2108
2045,26.0,39.0,2109
2046,26.0,39.0,2110
2047,26.0,39.0,2111
2048,26.0,39.0,2112
2049,26.0,39.0,2113
2050,26.0,39.0,2114
2051,26.0,39.0,2115
2052,26.0,39.0,2116
2053,26.0,39.0,2117
2054,26.0,39.0,2118
2055,26.0,39.0,2119
2056,26.0,39.0,2120
2057,26.0,39.0,2121
2058,26.0,40.0,2122
2059,26.0,40.0,2123
2060,26.0,40.0,2124
2061,26.0,40.0,2125
2062,26.0,40.0,2126
2063,26.0,40.0,2127
2064,26.0,40.0,2128
2065,26.0,40.0,2129
2066,26.0,40.0,2130
2067,26.0,40.0,2131
2068,26.0,39.0,2132
2069,26.0,39.0,2133
2070,26.0,39.0,2135
2071,26.0,39.0,2136
2072,26.0,39.0,2137
2073,26.0,39.0,2138
2074,26.0,39.0,2139
2075,26.0,39.0,2140
2076,26.0,39.0,2141
2077,26.0,39.0,2142
2078,26.0,39.0,2143
2079,26.0,39.0,2144
2080,26.0,39.0,2145
2081,26.0,39.0,2146
2082,26.0,39.0,2147
2083,26.0,39.0,2148
2084,26.0,39.0,2149
2085,26.0,39.0,2150
2086,26.0,39.0,2151
2087,26.0,39.0,2152
2088,26.0,39.0,2153
2089,26.0,39.0,2154
2090,26.0,39.0,2155
2091,26.0,39.0,2156
2092,26.0,39.0,2157
2093,26.0,39.0,2158
2094,26.0,39.0,2159
2095,26.0,39.0,2160
2096,26.0,39.0,2161
2097,26.0,39.0,2162
2098,26.0,39.0,2163
2099,26.0,39.0,2164
2100,26.0,39.0,2165
2101,26.0,39.0,2166
2102,26.0,38.0,2167
2103,26.0,38.0,2169
2104,26.0,39.0,2170
2105,26.0,39.0,2171
2106,26.0,39.0,2172
2107,26.0,39.0,2173
2108,26.0,39.0,2174
2109,26.0,39.0,2175
2110,26.0,39.0,2176
2111,26.0,39.0,2177
2112,26.0,39.0,2178
2113,26.0,39.0,2179
2114,26.0,39.0,2180
2115,26.0,39.0,2181
2116,26.0,39.0,2182
2117,26.0,39.0,2183
2118,26.0,39.0,2184
2119,26.0,39.0,2185
2120,26.0,39.0,2186
2121,26.0,39.0,2187
2122,26.0,39.0,2188
2123,26.0,39.0,2189
2124,26.0,39.0,2190
2125,26.0,39.0,2191
2126,26.0,38.0,2192
2127,26.0,38.0,2193
2128,26.0,39.0,2194
2129,26.0,39.0,2195
2130,26.0,38.0,2196
2131,26.0,38.0,2197
2132,26.0,39.0,2198
2133,26.0,39.0,2199
2134,26.0,38.0,2200
2135,26.0,38.0,2201
2136,26.0,38.0,2203
2137,26.0,38.0,2204
2138,26.0,39.0,2205
2139,26.0,39.0,2206
2140,26.0,38.0,2207
2141,26.0,38.0,2208
2142,26.0,38.0,2209
2143,26.0,38.0,2210
2144,26.0,38.0,2211
2145,26.0,38.0,2212
2146,26.0,38.0,2213
2147,26.0,38.0,2214
2148,26.0,38.0,2215
2149,26.0,38.0,2216
2150,26.0,38.0,2217
2151,26.0,38.0,2218
2152,26.0,38.0,2219
2153,26.0,38.0,2220
2154,26.0,38.0,2221
2155,26.0,38.0,2222
2156,26.0,38.0,2223
2157,26.0,38.0,2224
2158,26.0,38.0,2225
2159,26.0,38.0,2226
2160,26.0,38.0,2227
2161,26.0,38.0,2228
2162,26.0,38.0,2229
2163,26.0,38.0,2230
2164,26.0,38.0,2231
2165,26.0,38.0,2232
2166,26.0,38.0,2233
2167,26.0,38.0,2234
2168,26.0,38.0,2236
2169,26.0,38.0,2237
2170,26.0,38.0,2238
2171,26.0,38.0,2239
2172,26.0,38.0,2240
2173,26.0,38.0,2241
2174,26.0,38.0,2242
2175,26.0,38.0,2243
2176,26.0,38.0,2244
2177,26.0,38.0,2245
2178,26.0,39.0,2246
2179,26.0,39.0,2247
2180,26.0,38.0,2248
2181,26.0,38.0,2249
2182,26.0,38.0,2250
2183,26.0,38.0,2251
2184,26.0,38.0,2252
2185,26.0,38.0,2253
2186,26.0,38.0,2254
2187,26.0,38.0,2255
2188,26.0,38.0,2256
2189,26.0,38.0,2257
2190,26.0,38.0,2258
2191,26.0,38.0,2259
2192,26.0,38.0,2260
2193,26.0,38.0,2261
2194,26.0,38.0,2262
2195,26.0,38.0,2263
2196,26.0,38.0,2264
2197,26.0,38.0,2265
2198,26.0,38.0,2266
2199,26.0,38.0,2267
2200,26.0,38.0,2269
2201,26.0,38.0,2269
2202,26.0,39.0,2271
2203,26.0,39.0,2272
2204,26.0,39.0,2273
2205,26.0,39.0,2274
2206,26.0,39.0,2275
2207,26.0,39.0,2276
2208,26.0,40.0,2277
2209,26.0,40.0,2278
2210,26.0,40.0,2279
2211,26.0,40.0,2280
2212,26.0,40.0,2281
2213,26.0,40.0,2282
2214,26.0,40.0,2283
2215,26.0,40.0,2284
2216,26.0,39.0,2285
2217,26.0,39.0,2286
2218,26.0,39.0,2287
2219,26.0,39.0,2288
2220,26.0,39.0,2289
2221,26.0,39.0,2290
2222,26.0,39.0,2291
2223,26.0,39.0,2292
2224,26.0,39.0,2293
2225,26.0,39.0,2294
2226,26.0,39.0,2295
2227,26.0,39.0,2296
2228,26.0,40.0,2297
2229,26.0,40.0,2298
2230,26.0,40.0,2299
2231,26.0,40.0,2300
2232,26.0,40.0,2301
2233,26.0,40.0,2302
2234,26.0,39.0,2304
2235,26.0,39.0,2305
2236,27.0,39.0,2306
2237,27.0,39.0,2307
2238,27.0,39.0,2308
2239,27.0,39.0,2309
2240,27.0,39.0,2310
2241,27.0,39.0,2311
2242,27.0,39.0,2312
2243,27.0,39.0,2313
2244,27.0,38.0,2314
2245,27.0,38.0,2315
2246,27.0,38.0,2316
2247,27.0,38.0,2317
2248,27.0,38.0,2318
2249,27.0,38.0,2319
2250,27.0,38.0,2320
2251,27.0,38.0,2321
2252,27.0,38.0,2322
2253,27.0,38.0,2323
2254,27.0,38.0,2324
2255,27.0,38.0,2325
2256,27.0,38.0,2326
2257,27.0,38.0,2327
2258,27.0,38.0,2328
2259,27.0,38.0,2329
2260,27.0,38.0,2330
2261,27.0,38.0,2331
2262,27.0,38.0,2332
2263,27.0,38.0,2333
2264,27.0,38.0,2334
2265,27.0,38.0,2335
2266,27.0,39.0,2336
2267,27.0,39.0,2338
2268,27.0,40.0,2339
2269,27.0,40.0,2340
2270,27.0,40.0,2341
2271,27.0,40.0,2342
2272,27.0,41.0,2343
2273,27.0,41.0,2344
2274,27.0,40.0,2345
2275,27.0,40.0,2346
2276,27.0,40.0,2347
2277,27.0,40.0,2348
2278,27.0,39.0,2349
2279,27.0,39.0,2350
2280,27.0,39.0,2351
2281,27.0,39.0,2352
2282,27.0,39.0,2353
2283,27.0,39.0,2354
2284,27.0,39.0,2355
2285,27.0,39.0,2356
2286,27.0,38.0,2357
2287,27.0,38.0,2358
2288,27.0,38.0,2359
2289,27.0,38.0,2360
2290,27.0,38.0,2361
2291,27.0,38.0,2362
2292,27.0,40.0,2363
2293,27.0,40.0,2364
2294,27.0,40.0,2365
2295,27.0,40.0,2366
2296,27.0,39.0,2367
2297,27.0,39.0,2368
2298,27.0,39.0,2369
2299,27.0,39.0,2370
2300,27.0,39.0,2372
2301,27.0,39.0,2373
2302,27.0,38.0,2374
2303,27.0,38.0,2375
2304,27.0,38.0,2376
2305,27.0,38.0,2377
2306,27.0,38.0,2378
2307,27.0,38.0,2379
2308,27.0,38.0,2380
2309,27.0,38.0,2381
2310,27.0,38.0,2382
2311,27.0,38.0,2383
2312,27.0,38.0,2384
2313,27.0,38.0,2385
2314,27.0,38.0,2386
2315,27.0,38.0,2387
2316,27.0,38.0,2388
2317,27.0,38.0,2389
2318,27.0,38.0,2390
2319,27.0,38.0,2391
2320,27.0,38.0,2392
2321,27.0,38.0,2393
2322,27.0,38.0,2394
2323,27.0,38.0,2395
2324,27.0,38.0,2396
2325,27.0,38.0,2397
2326,27.0,38.0,2398
2327,27.0,38.0,2399
2328,27.0,38.0,2400
2329,27.0,38.0,2401
2330,27.0,38.0,2402
2331,27.0,38.0,2403
2332,27.0,38.0,2404
2333,27.0,38.0,2406
2334,27.0,38.0,2407
2335,27.0,38.0,2408
2336,27.0,38.0,2409
2337,27.0,38.0,2410
2338,27.0,38.0,2411
2339,27.0,38.0,2412
2340,27.0,38.0,2413
2341,27.0,38.0,2414
2342,27.0,37.0,2415
2343,27.0,37.0,2416
2344,27.0,37.0,2417
2345,27.0,37.0,2418
2346,27.0,37.0,2419
2347,27.0,37.0,2420
2348,27.0,37.0,2421
2349,27.0,37.0,2422
2350,27.0,37.0,2423
2351,27.0,37.0,2424
2352,27.0,37.0,2425
2353,27.0,37.0,2426
2354,27.0,37.0,2427
2355,27.0,37.0,2428
2356,27.0,37.0,2429
2357,27.0,37.0,2430
2358,27.0,37.0,2431
2359,27.0,37.0,2432
2360,27.0,37.0,2433
2361,27.0,37.0,2434
2362,27.0,37.0,2435
2363,27.0,37.0,2436
2364,27.0,37.0,2437
2365,27.0,37.0,2438
2366,27.0,37.0,2440
2367,27.0,37.0,2441
2368,27.0,37.0,2442
2369,27.0,37.0,2443
2370,27.0,37.0,2444
2371,27.0,37.0,2445
2372,27.0,37.0,2446
2373,27.0,37.0,2447
2374,27.0,37.0,2448
2375,27.0,37.0,2449
2376,27.0,37.0,2450
2377,27.0,37.0,2451
2378,27.0,37.0,2452
2379,27.0,37.0,2453
2380,27.0,37.0,2454
2381,27.0,37.0,2455
2382,27.0,37.0,2456
2383,27.0,37.0,2457
2384,27.0,37.0,2458
2385,27.0,37.0,2459
2386,27.0,37.0,2460
2387,27.0,37.0,2461
2388,27.0,37.0,2462
2389,27.0,37.0,2463
2390,27.0,37.0,2464
2391,27.0,37.0,2465
2392,27.0,37.0,2466
2393,27.0,37.0,2467
2394,27.0,37.0,2468
2395,27.0,37.0,2469
2396,27.0,37.0,2470
2397,27.0,37.0,2471
2398,27.0,37.0,2473
2399,27.0,37.0,2474
2400,27.0,37.0,2475
2401,27.0,37.0,2476
2402,27.0,37.0,2477
2403,27.0,37.0,2478
2404,27.0,37.0,2479
2405,27.0,37.0,2480
2406,27.0,37.0,2481
2407,27.0,37.0,2482
2408,27.0,37.0,2483
2409,27.0,37.0,2484
2410,27.0,37.0,2485
2411,27.0,37.0,2486
2412,27.0,37.0,2487
2413,27.0,37.0,2488
2414,27.0,37.0,2489
2415,27.0,37.0,2490
2416,27.0,37.0,2491
2417,27.0,37.0,2492
2418,27.0,37.0,2493
2419,27.0,37.0,2494
2420,27.0,37.0,2495
2421,27.0,37.0,2496
2422,27.0,37.0,2497
2423,27.0,37.0,2498
2424,27.0,37.0,2499
2425,27.0,37.0,2500
2426,27.0,37.0,2501
2427,27.0,37.0,2502
2428,27.0,37.0,2503
2429,27.0,37.0,2504
2430,27.0,37.0,2505
2431,27.0,37.0,2506
2432,27.0,37.0,2508
2433,27.0,37.0,2509
2434,27.0,37.0,2510
2435,27.0,37.0,2511
2436,27.0,37.0,2512
2437,27.0,37.0,2513
2438,27.0,37.0,2514
2439,27.0,37.0,2515
2440,27.0,37.0,2516
2441,27.0,37.0,2517
2442,27.0,37.0,2518
2443,27.0,37.0,2519
2444,27.0,37.0,2520
2445,27.0,37.0,2521
2446,27.0,37.0,2522
2447,27.0,37.0,2523
2448,27.0,37.0,2524
2449,27.0,37.0,2525
2450,27.0,37.0,2526
2451,27.0,37.0,2527
2452,27.0,37.0,2528
2453,27.0,37.0,2529
2454,27.0,37.0,2530
2455,27.0,37.0,2531
2456,27.0,37.0,2532
2457,27.0,37.0,2533
2458,27.0,37.0,2534
2459,27.0,37.0,2535
2460,27.0,37.0,2536
2461,27.0,37.0,2537
2462,27.0,37.0,2538
2463,27.0,37.0,2539
2464,27.0,37.0,2541
2465,27.0,37.0,2542
2466,27.0,37.0,2543
2467,27.0,37.0,2544
2468,27.0,38.0,2545
2469,27.0,38.0,2546
2470,27.0,38.0,2547
2471,27.0,38.0,2548
2472,27.0,38.0,2549
2473,27.0,38.0,2550
2474,27.0,37.0,2551
2475,27.0,37.0,2552
2476,27.0,37.0,2553
2477,27.0,37.0,2554
2478,27.0,37.0,2555
2479,27.0,37.0,2556
2480,27.0,37.0,2557
2481,27.0,37.0,2558
2482,27.0,37.0,2559
2483,27.0,37.0,2560
2484,27.0,37.0,2561
2485,27.0,37.0,2562
2486,27.0,37.0,2563
2487,27.0,37.0,2564
2488,27.0,37.0,2565
2489,27.0,37.0,2566
2490,27.0,37.0,2567
2491,27.0,37.0,2568
2492,27.0,37.0,2569
2493,27.0,37.0,2570
2494,27.0,38.0,2571
2495,27.0,38.0,2573
2496,27.0,38.0,2573
2497,27.0,38.0,2575
2498,27.0,38.0,2576
2499,27.0,38.0,2577
2500,27.0,38.0,2578
2501,27.0,38.0,2579
2502,27.0,38.0,2580
2503,27.0,38.0,2581
2504,27.0,38.0,2582
2505,27.0,38.0,2583
2506,27.0,38.0,2584
2507,27.0,38.0,2585
2508,27.0,38.0,2586
2509,27.0,38.0,2587
2510,27.0,38.0,2588
2511,27.0,38.0,2589
2512,27.0,38.0,2590
2513,27.0,38.0,2591
2514,27.0,37.0,2592
2515,27.0,37.0,2593
2516,27.0,37.0,2594
2517,27.0,37.0,2595
2518,27.0,37.0,2596
2519,27.0,37.0,2597
2520,27.0,37.0,2598
2521,27.0,37.0,2599
2522,27.0,37.0,2600
2523,27.0,37.0,2601
2524,27.0,37.0,2602
2525,27.0,37.0,2603
2526,27.0,37.0,2604
2527,27.0,37.0,2605
2528,27.0,37.0,2606
2529,27.0,37.0,2607
2530,27.0,37.0,2609
2531,27.0,37.0,2610
2532,27.0,37.0,2611
2533,27.0,37.0,2612
2534,27.0,37.0,2613
2535,27.0,37.0,2614
2536,27.0,37.0,2615
2537,27.0,37.0,2616
2538,27.0,37.0,2617
2539,27.0,37.0,2618
2540,27.0,37.0,2619
2541,27.0,37.0,2620
2542,27.0,37.0,2621
2543,27.0,37.0,2622
2544,27.0,37.0,2623
2545,27.0,37.0,2624
2546,27.0,37.0,2625
2547,27.0,37.0,2626
2548,27.0,37.0,2627
2549,27.0,37.0,2628
2550,27.0,37.0,2629
2551,27.0,37.0,2630
2552,27.0,37.0,2631
2553,27.0,37.0,2632
2554,27.0,37.0,2633
2555,27.0,37.0,2634
2556,27.0,37.0,2635
2557,27.0,37.0,2636
2558,27.0,38.0,2637
2559,27.0,38.0,2638
2560,27.0,38.0,2639
2561,27.0,38.0,2640
2562,27.0,38.0,2641
2563,27.0,38.0,2643
2564,27.0,38.0,2644
2565,27.0,38.0,2645
2566,27.0,38.0,2646
2567,27.0,38.0,2647
2568,27.0,37.0,2648
2569,27.0,37.0,2649
2570,27.0,37.0,2650
2571,27.0,37.0,2651
2572,27.0,37.0,2652
2573,27.0,37.0,2653
2574,27.0,37.0,2654
2575,27.0,37.0,2655
2576,27.0,37.0,2656
2577,27.0,37.0,2657
2578,27.0,37.0,2658
2579,27.0,37.0,2659
2580,27.0,37.0,2660
2581,27.0,37.0,2661
2582,27.0,37.0,2662
2583,27.0,37.0,2663
2584,27.0,37.0,2664
2585,27.0,37.0,2665
2586,27.0,37.0,2666
2587,27.0,37.0,2667
2588,27.0,37.0,2668
2589,27.0,37.0,2669
2590,27.0,37.0,2670
2591,27.0,37.0,2671
2592,27.0,37.0,2672
2593,27.0,37.0,2673
2594,27.0,37.0,2674
2595,27.0,37.0,2675
2596,27.0,37.0,2677
2597,27.0,37.0,2678
2598,27.0,37.0,2679
2599,27.0,37.0,2680
2600,27.0,37.0,2681
2601,27.0,37.0,2682
2602,27.0,37.0,2683
2603,27.0,37.0,2684
2604,27.0,37.0,2685
2605,27.0,37.0,2686
2606,27.0,37.0,2687
2607,27.0,37.0,2688
2608,27.0,37.0,2689
2609,27.0,37.0,2690
2610,27.0,37.0,2691
2611,27.0,37.0,2692
2612,27.0,37.0,2693
2613,27.0,37.0,2694
2614,27.0,37.0,2695
2615,27.0,37.0,2696
2616,27.0,37.0,2697
2617,27.0,37.0,2698
2618,27.0,37.0,2699
2619,27.0,37.0,2700
2620,27.0,37.0,2701
2621,27.0,37.0,2702
2622,27.0,37.0,2703
2623,27.0,37.0,2704
2624,27.0,37.0,2705
2625,27.0,37.0,2706
2626,27.0,37.0,2707
2627,27.0,37.0,2708
2628,27.0,37.0,2710
2629,27.0,37.0,2711
2630,27.0,37.0,2712
2631,27.0,37.0,2713
2632,27.0,37.0,2714
2633,27.0,37.0,2715
2634,27.0,37.0,2716
2635,27.0,37.0,2717
2636,27.0,37.0,2718
2637,27.0,37.0,2719
2638,27.0,37.0,2720
2639,27.0,37.0,2721
2640,27.0,37.0,2722
2641,27.0,37.0,2723
2642,27.0,37.0,2724
2643,27.0,37.0,2725
2644,27.0,37.0,2726
2645,27.0,37.0,2727
2646,27.0,37.0,2728
2647,27.0,37.0,2729
2648,27.0,37.0,2730
2649,27.0,37.0,2731
2650,27.0,37.0,2732
2651,27.0,37.0,2733
2652,27.0,37.0,2734
2653,27.0,37.0,2735
2654,27.0,37.0,2736
2655,27.0,37.0,2737
2656,27.0,37.0,2738
2657,27.0,37.0,2739
2658,27.0,37.0,2740
2659,27.0,37.0,2741
2660,27.0,37.0,2742
2661,27.0,37.0,2744
2662,27.0,37.0,2745
2663,27.0,37.0,2746
2664,27.0,37.0,2747
2665,27.0,37.0,2748
2666,27.0,37.0,2749
2667,27.0,37.0,2750
2668,27.0,37.0,2751
2669,27.0,37.0,2752
2670,27.0,37.0,2753
2671,27.0,37.0,2754
2672,27.0,37.0,2755
2673,27.0,37.0,2756
2674,27.0,37.0,2757
2675,27.0,37.0,2758
2676,27.0,37.0,2759
2677,27.0,37.0,2760
2678,27.0,37.0,2761
2679,27.0,37.0,2762
2680,27.0,37.0,2763
2681,27.0,37.0,2764
2682,27.0,37.0,2765
2683,27.0,37.0,2766
2684,27.0,37.0,2767
2685,27.0,37.0,2768
2686,27.0,37.0,2769
2687,27.0,37.0,2770
2688,27.0,37.0,2771
2689,27.0,37.0,2772
2690,27.0,37.0,2773
2691,27.0,37.0,2774
2692,27.0,37.0,2775
2693,27.0,37.0,2777
2694,27.0,37.0,2778
2695,27.0,37.0,2779
2696,27.0,37.0,2780
2697,27.0,37.0,2781
2698,27.0,37.0,2782
2699,27.0,37.0,2783
2700,27.0,37.0,2784
2701,27.0,37.0,2785
2702,27.0,37.0,2786
2703,27.0,37.0,2787
2704,27.0,37.0,2788
2705,27.0,37.0,2789
2706,27.0,37.0,2790
2707,27.0,37.0,2791
2708,27.0,37.0,2792
2709,27.0,37.0,2793
2710,27.0,37.0,2794
2711,27.0,37.0,2795
2712,27.0,37.0,2796
2713,27.0,37.0,2797
2714,27.0,37.0,2798
2715,27.0,37.0,2799
2716,27.0,37.0,2800
2717,27.0,37.0,2801
2718,27.0,37.0,2802
2719,27.0,37.0,2803
2720,27.0,38.0,2804
2721,27.0,38.0,2805
2722,27.0,38.0,2806
2723,27.0,38.0,2807
2724,27.0,38.0,2808
2725,27.0,38.0,2809
2726,27.0,38.0,2810
2727,27.0,38.0,2812
2728,27.0,38.0,2813
2729,27.0,38.0,2814
2730,27.0,38.0,2815
2731,27.0,38.0,2816
2732,27.0,38.0,2817
2733,27.0,38.0,2818
2734,27.0,38.0,2819
2735,27.0,38.0,2820
2736,27.0,38.0,2821
2737,27.0,38.0,2822
2738,27.0,38.0,2823
2739,27.0,38.0,2824
2740,27.0,38.0,2825
2741,27.0,38.0,2826
2742,27.0,38.0,2827
2743,27.0,38.0,2828
2744,27.0,38.0,2829
2745,27.0,38.0,2830
2746,27.0,38.0,2831
2747,27.0,38.0,2832
2748,27.0,38.0,2833
2749,27.0,38.0,2834
2750,27.0,38.0,2835
2751,27.0,38.0,2836
2752,27.0,38.0,2837
2753,27.0,38.0,2838
2754,27.0,38.0,2839
2755,27.0,38.0,2840
2756,27.0,38.0,2841
2757,27.0,38.0,2842
2758,27.0,38.0,2843
2759,27.0,38.0,2844
2760,27.0,38.0,2846
2761,27.0,38.0,2847
2762,27.0,38.0,2848
2763,27.0,38.0,2849
2764,27.0,38.0,2850
2765,27.0,38.0,2851
2766,27.0,38.0,2852
2767,27.0,38.0,2853
2768,27.0,38.0,2854
2769,27.0,38.0,2855
2770,27.0,38.0,2856
2771,27.0,38.0,2857
2772,27.0,38.0,2858
2773,27.0,38.0,2859
2774,27.0,39.0,2860
2775,27.0,39.0,2861
2776,27.0,38.0,2862
2777,27.0,38.0,2863
2778,27.0,38.0,2864
2779,27.0,38.0,2865
2780,27.0,38.0,2866
2781,27.0,38.0,2867
2782,27.0,38.0,2868
2783,27.0,38.0,2869
2784,27.0,38.0,2870
2785,27.0,38.0,2871
2786,27.0,38.0,2872
2787,27.0,38.0,2873
2788,27.0,37.0,2874
2789,27.0,37.0,2875
2790,27.0,37.0,2876
2791,27.0,37.0,2877
2792,27.0,37.0,2879
2793,27.0,37.0,2880
2794,27.0,37.0,2881
2795,27.0,37.0,2882
2796,27.0,37.0,2883
2797,27.0,37.0,2884
2798,27.0,37.0,2885
2799,27.0,37.0,2886
2800,27.0,37.0,2887
2801,27.0,37.0,2888
2802,27.0,37.0,2889
2803,27.0,37.0,2890
2804,27.0,37.0,2891
2805,27.0,37.0,2892
2806,27.0,37.0,2893
2807,27.0,37.0,2894
2808,27.0,37.0,2895
2809,27.0,37.0,2896
2810,27.0,37.0,2897
2811,27.0,37.0,2898
2812,27.0,37.0,2899
2813,27.0,37.0,2900
2814,27.0,37.0,2901
2815,27.0,37.0,2902
2816,27.0,37.0,2903
2817,27.0,37.0,2904
2818,27.0,37.0,2905
2819,27.0,37.0,2906
2820,27.0,37.0,2907
2821,27.0,37.0,2908
2822,27.0,37.0,2909
2823,27.0,37.0,2910
2824,27.0,37.0,2911
2825,27.0,37.0,2912
2826,27.0,37.0,2914
2827,27.0,37.0,2915
2828,27.0,37.0,2916
2829,27.0,37.0,2917
2830,27.0,37.0,2918
2831,27.0,37.0,2919
2832,27.0,37.0,2920
2833,27.0,37.0,2921
2834,27.0,37.0,2922
2835,27.0,37.0,2923
2836,27.0,37.0,2924
2837,27.0,37.0,2925
2838,27.0,37.0,2926
2839,27.0,37.0,2927
2840,27.0,37.0,2928
2841,27.0,37.0,2929
2842,27.0,37.0,2930
2843,27.0,37.0,2931
2844,27.0,37.0,2932
2845,27.0,37.0,2933
2846,27.0,37.0,2934
2847,27.0,37.0,2935
2848,27.0,37.0,2936
2849,27.0,37.0,2937
2850,27.0,37.0,2938
2851,27.0,37.0,2939
2852,27.0,37.0,2940
2853,27.0,37.0,2941
2854,27.0,37.0,2942
2855,27.0,37.0,2943
2856,27.0,37.0,2944
2857,27.0,37.0,2945
2858,27.0,37.0,2946
2859,27.0,37.0,2948
2860,27.0,37.0,2949
2861,27.0,37.0,2950
2862,27.0,37.0,2951
2863,27.0,37.0,2952
2864,27.0,37.0,2953
2865,27.0,37.0,2954
2866,27.0,37.0,2955
2867,27.0,37.0,2956
2868,27.0,37.0,2957
2869,27.0,37.0,2958
2870,27.0,37.0,2959
2871,27.0,37.0,2960
2872,27.0,37.0,2961
2873,27.0,37.0,2962
2874,27.0,37.0,2963
2875,27.0,37.0,2964
2876,27.0,37.0,2965
2877,27.0,37.0,2966
2878,27.0,37.0,2967
2879,27.0,37.0,2968
2880,27.0,37.0,2969
2881,27.0,37.0,2970
2882,27.0,37.0,2971
2883,27.0,37.0,2972
2884,27.0,37.0,2973
2885,27.0,37.0,2974
2886,27.0,37.0,2975
2887,27.0,37.0,2976
2888,27.0,37.0,2977
2889,27.0,37.0,2978
2890,27.0,37.0,2979
2891,27.0,37.0,2980
2892,27.0,37.0,2982
2893,27.0,37.0,2983
2894,27.0,37.0,2984
2895,27.0,37.0,2985
2896,27.0,37.0,2986
2897,27.0,37.0,2987
2898,27.0,37.0,2988
2899,27.0,37.0,2989
2900,27.0,38.0,2990
2901,27.0,38.0,2991
2902,27.0,38.0,2992
2903,27.0,38.0,2993
2904,27.0,38.0,2994
2905,27.0,38.0,2995
2906,27.0,38.0,2996
2907,27.0,38.0,2997
2908,27.0,37.0,2998
2909,27.0,37.0,2999
2910,27.0,37.0,3000
2911,27.0,37.0,3001
2912,27.0,37.0,3002
2913,27.0,37.0,3003
2914,27.0,37.0,3004
2915,27.0,37.0,3005
2916,27.0,37.0,3006
2917,27.0,37.0,3007
2918,27.0,37.0,3008
2919,27.0,37.0,3009
2920,27.0,37.0,3010
2921,27.0,37.0,3011
2922,27.0,37.0,3012
2923,27.0,37.0,3014
2924,27.0,37.0,3015
2925,27.0,37.0,3016
2926,27.0,37.0,3017
2927,27.0,37.0,3018
2928,27.0,37.0,3019
2929,27.0,37.0,3020
2930,27.0,37.0,3021
2931,27.0,37.0,3022
2932,27.0,37.0,3023
2933,27.0,37.0,3024
2934,27.0,37.0,3025
2935,27.0,37.0,3026
2936,27.0,37.0,3027
2937,27.0,37.0,3028
2938,27.0,38.0,3029
2939,27.0,38.0,3030
2940,27.0,38.0,3031
2941,27.0,38.0,3032
2942,27.0,38.0,3033
2943,27.0,38.0,3034
2944,27.0,38.0,3035
2945,27.0,38.0,3036
2946,27.0,37.0,3037
2947,27.0,37.0,3038
2948,27.0,37.0,3039
2949,27.0,37.0,3040
2950,27.0,37.0,3041
2951,27.0,37.0,3042
2952,27.0,37.0,3043
2953,27.0,37.0,3044
2954,27.0,37.0,3045
2955,27.0,37.0,3046
2956,27.0,37.0,3047
2957,27.0,37.0,3048
2958,27.0,37.0,3050
2959,27.0,37.0,3051
2960,27.0,37.0,3052
2961,27.0,37.0,3053
2962,27.0,37.0,3054
2963,27.0,37.0,3055
2964,27.0,37.0,3056
2965,27.0,37.0,3057
2966,27.0,37.0,3058
2967,27.0,37.0,3059
2968,27.0,37.0,3060
2969,27.0,37.0,3061
2970,27.0,37.0,3062
2971,27.0,37.0,3063
2972,27.0,37.0,3064
2973,27.0,37.0,3065
2974,27.0,37.0,3066
2975,27.0,37.0,3067
2976,27.0,37.0,3068
2977,27.0,37.0,3069
2978,27.0,37.0,3070
2979,27.0,37.0,3071
2980,27.0,37.0,3072
2981,27.0,37.0,3073
2982,27.0,37.0,3074
2983,27.0,37.0,3075
2984,27.0,37.0,3076
2985,27.0,37.0,3077
2986,27.0,37.0,3078
2987,27.0,37.0,3079
2988,27.0,37.0,3080
2989,27.0,37.0,3081
2990,27.0,37.0,3083
2991,27.0,37.0,3084
2992,27.0,37.0,3085
2993,27.0,37.0,3086
2994,27.0,37.0,3087
2995,27.0,37.0,3088
2996,27.0,37.0,3089
2997,27.0,37.0,3090
2998,27.0,37.0,3091
2999,27.0,37.0,3092
3000,27.0,37.0,3093
3001,27.0,37.0,3094
3002,27.0,37.0,3095
3003,27.0,37.0,3096
3004,27.0,37.0,3097
3005,27.0,37.0,3098
3006,27.0,37.0,3099
3007,27.0,37.0,3100
3008,27.0,37.0,3101
3009,27.0,37.0,3102
3010,27.0,37.0,3103
3011,27.0,37.0,3104
3012,27.0,37.0,3105
3013,27.0,37.0,3106
3014,27.0,37.0,3107
3015,27.0,37.0,3108
3016,27.0,37.0,3109
3017,27.0,37.0,3110
3018,27.0,37.0,3111
3019,27.0,37.0,3112
3020,27.0,37.0,3113
3021,27.0,37.0,3114
3022,27.0,37.0,3116
3023,27.0,37.0,3117
3024,27.0,37.0,3118
3025,27.0,37.0,3119
3026,27.0,37.0,3120
3027,27.0,37.0,3121
3028,27.0,37.0,3122
3029,27.0,37.0,3123
3030,27.0,37.0,3124
3031,27.0,37.0,3125
3032,27.0,37.0,3126
3033,27.0,37.0,3127
3034,27.0,37.0,3128
3035,27.0,37.0,3129
3036,27.0,37.0,3130
3037,27.0,37.0,3131
3038,27.0,37.0,3132
3039,27.0,37.0,3133
3040,27.0,37.0,3134
3041,27.0,37.0,3135
3042,27.0,37.0,3136
3043,27.0,37.0,3137
3044,27.0,37.0,3138
3045,27.0,37.0,3139
3046,27.0,37.0,3140
3047,27.0,37.0,3141
3048,27.0,37.0,3142
3049,27.0,37.0,3143
3050,27.0,37.0,3144
3051,27.0,37.0,3145
3052,27.0,37.0,3146
3053,27.0,37.0,3147
3054,27.0,37.0,3148
3055,27.0,37.0,3149
3056,27.0,37.0,3151
3057,27.0,37.0,3152
3058,27.0,37.0,3153
3059,27.0,37.0,3154
3060,27.0,37.0,3155
3061,27.0,37.0,3156
3062,27.0,37.0,3157
3063,27.0,37.0,3158
3064,27.0,37.0,3159
3065,27.0,37.0,3160
3066,27.0,37.0,3161
3067,27.0,37.0,3162
3068,27.0,37.0,3163
3069,27.0,37.0,3164
3070,27.0,37.0,3165
3071,27.0,37.0,3166
3072,27.0,37.0,3167
3073,27.0,37.0,3168
3074,27.0,37.0,3169
3075,27.0,37.0,3170
3076,27.0,37.0,3171
3077,27.0,37.0,3172
3078,27.0,37.0,3173
3079,27.0,37.0,3174
3080,27.0,37.0,3175
3081,27.0,37.0,3176
3082,27.0,37.0,3177
3083,27.0,37.0,3178
3084,27.0,37.0,3179
3085,27.0,37.0,3180
3086,27.0,37.0,3181
3087,27.0,37.0,3182
3088,27.0,37.0,3184
3089,27.0,37.0,3185
3090,27.0,37.0,3186
3091,27.0,37.0,3187
3092,27.0,37.0,3188
3093,27.0,37.0,3189
3094,27.0,37.0,3190
3095,27.0,37.0,3191
3096,27.0,37.0,3192
3097,27.0,37.0,3193
3098,27.0,37.0,3194
3099,27.0,37.0,3195
3100,27.0,37.0,3196
3101,27.0,37.0,3197
3102,27.0,37.0,3198
3103,27.0,37.0,3199
3104,27.0,37.0,3200
3105,27.0,37.0,3201
3106,27.0,37.0,3202
3107,27.0,37.0,3203
3108,27.0,37.0,3204
3109,27.0,37.0,3205
3110,27.0,37.0,3206
3111,27.0,37.0,3207
3112,27.0,37.0,3208
3113,27.0,37.0,3209
3114,27.0,37.0,3210
3115,27.0,37.0,3211
3116,27.0,37.0,3212
3117,27.0,37.0,3213
3118,27.0,37.0,3214
3119,27.0,37.0,3215
3120,27.0,37.0,3216
3121,27.0,37.0,3218
3122,27.0,37.0,3219
3123,27.0,37.0,3220
3124,27.0,37.0,3221
3125,27.0,37.0,3222
3126,27.0,37.0,3223
3127,27.0,37.0,3224
3128,27.0,37.0,3225
3129,27.0,37.0,3226
3130,27.0,37.0,3227
3131,27.0,37.0,3228
3132,27.0,37.0,3229
3133,27.0,37.0,3230
3134,27.0,37.0,3231
3135,27.0,37.0,3232
3136,27.0,37.0,3233
3137,27.0,37.0,3234
3138,27.0,37.0,3235
3139,27.0,37.0,3236
3140,27.0,37.0,3237
3141,27.0,37.0,3238
3142,27.0,37.0,3239
3143,27.0,37.0,3240
3144,27.0,37.0,3241
3145,27.0,37.0,3242
3146,27.0,37.0,3243
3147,27.0,37.0,3244
3148,27.0,37.0,3245
3149,27.0,37.0,3246
3150,27.0,37.0,3247
3151,27.0,37.0,3248
3152,27.0,37.0,3249
3153,27.0,37.0,3250
3154,27.0,37.0,3251
3155,27.0,37.0,3253
3156,27.0,37.0,3254
3157,27.0,37.0,3255
3158,27.0,37.0,3256
3159,27.0,37.0,3257
3160,27.0,37.0,3258
3161,27.0,37.0,3259
3162,27.0,37.0,3260
3163,27.0,37.0,3261
3164,27.0,37.0,3262
3165,27.0,37.0,3263
3166,27.0,37.0,3264
3167,27.0,37.0,3265
3168,27.0,37.0,3266
3169,27.0,37.0,3267
3170,27.0,37.0,3268
3171,27.0,37.0,3269
3172,27.0,37.0,3270
3173,27.0,37.0,3271
3174,27.0,36.0,3272
3175,27.0,36.0,3273
3176,27.0,37.0,3274
3177,27.0,37.0,3275
3178,27.0,36.0,3276
3179,27.0,36.0,3277
3180,27.0,36.0,3278
3181,27.0,36.0,3279
3182,27.0,37.0,3280
3183,27.0,37.0,3281
3184,27.0,37.0,3282
3185,27.0,37.0,3283
3186,27.0,37.0,3284
3187,27.0,37.0,3286
3188,27.0,36.0,3287
3189,27.0,36.0,3288
3190,27.0,37.0,3289
3191,27.0,37.0,3290
3192,27.0,37.0,3291
3193,27.0,37.0,3292
3194,27.0,37.0,3293
3195,27.0,37.0,3294
3196,27.0,37.0,3295
3197,27.0,37.0,3296
3198,27.0,36.0,3297
3199,27.0,36.0,3298
3200,27.0,37.0,3299
3201,27.0,37.0,3300
3202,27.0,36.0,3301
3203,27.0,36.0,3302
3204,27.0,37.0,3303
3205,27.0,37.0,3304
3206,27.0,36.0,3305
3207,27.0,36.0,3306
3208,27.0,37.0,3307
3209,27.0,37.0,3308
3210,27.0,36.0,3309
3211,27.0,36.0,3310
3212,27.0,36.0,3311
3213,27.0,36.0,3312
3214,27.0,36.0,3313
3215,27.0,36.0,3314
3216,27.0,37.0,3315
3217,27.0,37.0,3316
3218,27.0,36.0,3317
3219,27.0,36.0,3318
3220,27.0,36.0,3320
3221,27.0,36.0,3321
3222,27.0,36.0,3322
3223,27.0,36.0,3323
3224,27.0,36.0,3324
3225,27.0,36.0,3325
3226,27.0,36.0,3326
3227,27.0,36.0,3327
3228,27.0,37.0,3328
3229,27.0,37.0,3329
3230,27.0,36.0,3330
3231,27.0,36.0,3331
3232,27.0,37.0,3332
3233,27.0,37.0,3333
3234,27.0,36.0,3334
3235,27.0,36.0,3335
3236,27.0,37.0,3336
3237,27.0,37.0,3337
3238,27.0,36.0,3338
3239,27.0,36.0,3339
3240,27.0,36.0,3340
3241,27.0,36.0,3341
3242,27.0,36.0,3342
3243,27.0,36.0,3343
3244,27.0,36.0,3344
3245,27.0,36.0,3345
3246,27.0,36.0,3346
3247,27.0,36.0,3347
3248,27.0,36.0,3348
3249,27.0,36.0,3349
3250,27.0,36.0,3350
3251,27.0,36.0,3351
3252,27.0,37.0,3353
3253,27.0,37.0,3354
3254,27.0,36.0,3355
3255,27.0,36.0,3356
3256,27.0,36.0,3357
3257,27.0,36.0,3358
3258,27.0,36.0,3359
3259,27.0,36.0,3360
3260,27.0,36.0,3361
3261,27.0,36.0,3362
3262,27.0,36.0,3363
3263,27.0,36.0,3364
3264,27.0,36.0,3365
3265,27.0,36.0,3366
3266,27.0,36.0,3367
3267,27.0,36.0,3368
3268,27.0,36.0,3369
3269,27.0,36.0,3370
3270,27.0,36.0,3371
3271,27.0,36.0,3372
3272,27.0,36.0,3373
3273,27.0,36.0,3374
3274,27.0,36.0,3375
3275,27.0,36.0,3376
3276,27.0,36.0,3377
3277,27.0,36.0,3378
3278,27.0,36.0,3379
3279,27.0,36.0,3380
3280,27.0,36.0,3381
3281,27.0,36.0,3382
3282,27.0,36.0,3383
3283,27.0,36.0,3384
3284,27.0,36.0,3386
3285,27.0,36.0,3386
3286,27.0,36.0,3388
3287,27.0,36.0,3389
3288,27.0,36.0,3390
3289,27.0,36.0,3391
3290,27.0,36.0,3392
3291,27.0,36.0,3393
3292,27.0,36.0,3394
3293,27.0,36.0,3395
3294,27.0,36.0,3396
3295,27.0,36.0,3397
3296,27.0,36.0,3398
3297,27.0,36.0,3399
3298,27.0,36.0,3400
3299,27.0,36.0,3401
3300,27.0,36.0,3402
3301,27.0,36.0,3403
3302,27.0,36.0,3404
3303,27.0,36.0,3405
3304,27.0,36.0,3406
3305,27.0,36.0,3407
3306,27.0,36.0,3408
3307,27.0,36.0,3409
3308,27.0,36.0,3410
3309,27.0,36.0,3411
3310,27.0,36.0,3412
3311,27.0,36.0,3413
3312,27.0,36.0,3414
3313,27.0,36.0,3415
3314,27.0,36.0,3416
3315,27.0,36.0,3417
3316,27.0,36.0,3418
3317,27.0,36.0,3419
3318,27.0,36.0,3420
3319,27.0,36.0,3422
3320,27.0,36.0,3423
3321,27.0,36.0,3424
3322,27.0,36.0,3425
3323,27.0,36.0,3426
3324,27.0,36.0,3427
3325,27.0,36.0,3428
3326,27.0,36.0,3429
3327,27.0,36.0,3430
3328,27.0,36.0,3431
3329,27.0,36.0,3432
3330,27.0,36.0,3433
3331,27.0,36.0,3434
3332,27.0,36.0,3435
3333,27.0,36.0,3436
3334,27.0,36.0,3437
3335,27.0,36.0,3438
3336,27.0,36.0,3439
3337,27.0,36.0,3440
3338,27.0,36.0,3441
3339,27.0,36.0,3442
3340,27.0,36.0,3443
3341,27.0,36.0,3444
3342,27.0,36.0,3445
3343,27.0,36.0,3446
3344,27.0,36.0,3447
3345,27.0,36.0,3448
3346,27.0,37.0,3449
3347,27.0,37.0,3450
3348,27.0,37.0,3451
3349,27.0,37.0,3452
3350,27.0,37.0,3454
3351,27.0,37.0,3455
3352,27.0,36.0,3456
3353,27.0,36.0,3457
3354,27.0,36.0,3458
3355,27.0,36.0,3459
3356,27.0,36.0,3460
3357,27.0,36.0,3461
3358,27.0,36.0,3462
3359,27.0,36.0,3463
3360,27.0,36.0,3464
3361,27.0,36.0,3465
3362,27.0,36.0,3466
3363,27.0,36.0,3467
3364,27.0,36.0,3468
3365,27.0,36.0,3469
3366,27.0,36.0,3470
3367,27.0,36.0,3471
3368,27.0,36.0,3472
3369,27.0,36.0,3473
3370,27.0,36.0,3474
3371,27.0,36.0,3475
3372,27.0,36.0,3476
3373,27.0,36.0,3477
3374,27.0,36.0,3478
3375,27.0,36.0,3479
3376,27.0,36.0,3480
3377,27.0,36.0,3481
3378,27.0,36.0,3482
3379,27.0,36.0,3483
3380,27.0,36.0,3484
3381,27.0,36.0,3485
3382,27.0,36.0,3486
3383,27.0,36.0,3487
3384,27.0,36.0,3488
3385,27.0,36.0,3490
3386,27.0,37.0,3491
3387,27.0,37.0,3492
3388,27.0,36.0,3493
3389,27.0,36.0,3494
3390,27.0,36.0,3495
3391,27.0,36.0,3496
3392,27.0,37.0,3497
3393,27.0,37.0,3498
3394,27.0,36.0,3499
3395,27.0,36.0,3500
3396,27.0,37.0,3501
3397,27.0,37.0,3502
3398,27.0,36.0,3503
3399,27.0,36.0,3504
3400,27.0,37.0,3505
3401,27.0,37.0,3506
3402,27.0,36.0,3507
3403,27.0,36.0,3508
3404,27.0,36.0,3509
3405,27.0,36.0,3510
3406,27.0,36.0,3511
3407,27.0,36.0,3512
3408,27.0,36.0,3513
3409,27.0,36.0,3514
3410,27.0,36.0,3515
3411,27.0,36.0,3516
3412,27.0,36.0,3517
3413,27.0,36.0,3518
3414,27.0,37.0,3519
3415,27.0,37.0,3520
3416,27.0,36.0,3521
3417,27.0,36.0,3522
3418,27.0,36.0,3524
3419,27.0,36.0,3525
3420,27.0,36.0,3526
3421,27.0,36.0,3527
3422,27.0,37.0,3528
3423,27.0,37.0,3529
3424,27.0,36.0,3530
3425,27.0,36.0,3531
3426,27.0,36.0,3532
3427,27.0,36.0,3533
3428,27.0,36.0,3534
3429,27.0,36.0,3535
3430,27.0,37.0,3536
3431,27.0,37.0,3537
3432,27.0,36.0,3538
3433,27.0,36.0,3539
3434,27.0,37.0,3540
3435,27.0,37.0,3541
3436,27.0,36.0,3542
3437,27.0,36.0,3543
3438,27.0,36.0,3544
3439,27.0,36.0,3545
3440,27.0,36.0,3546
3441,27.0,36.0,3547
3442,27.0,36.0,3548
3443,27.0,36.0,3549
3444,27.0,36.0,3550
3445,27.0,36.0,3551
3446,27.0,36.0,3552
3447,27.0,36.0,3553
3448,27.0,37.0,3555
3449,27.0,37.0,3555
3450,27.0,37.0,3557
3451,27.0,37.0,3558
3452,27.0,37.0,3559
3453,27.0,37.0,3560
3454,27.0,37.0,3561
3455,27.0,37.0,3562
3456,27.0,37.0,3563
3457,27.0,37.0,3564
3458,27.0,37.0,3565
3459,27.0,37.0,3566
3460,27.0,37.0,3567
3461,27.0,37.0,3568
3462,27.0,37.0,3569
3463,27.0,37.0,3570
3464,27.0,37.0,3571
3465,27.0,37.0,3572
3466,27.0,37.0,3573
3467,27.0,37.0,3574
3468,27.0,37.0,3575
3469,27.0,37.0,3576
3470,27.0,37.0,3577
3471,27.0,37.0,3578
3472,27.0,37.0,3579
3473,27.0,37.0,3580
3474,27.0,37.0,3581
3475,27.0,37.0,3582
3476,27.0,37.0,3583
3477,27.0,37.0,3584
3478,27.0,37.0,3585
3479,27.0,37.0,3586
3480,27.0,37.0,3587
3481,27.0,37.0,3588
3482,27.0,37.0,3590
3483,27.0,37.0,3590
3484,27.0,36.0,3592
3485,27.0,36.0,3593
3486,27.0,37.0,3594
3487,27.0,37.0,3595
3488,27.0,37.0,3596
3489,27.0,37.0,3597
3490,27.0,37.0,3598
3491,27.0,37.0,3599
3492,27.0,37.0,3600
3493,27.0,37.0,3601
3494,27.0,37.0,3602
3495,27.0,37.0,3603
3496,27.0,37.0,3604
3497,27.0,37.0,3605
3498,27.0,36.0,3606
3499,27.0,36.0,3607
3500,27.0,37.0,3608
3501,27.0,37.0,3609
3502,27.0,36.0,3610
3503,27.0,36.0,3611
3504,27.0,37.0,3612
3505,27.0,37.0,3613
3506,27.0,36.0,3614
3507,27.0,36.0,3615
3508,27.0,37.0,3616
3509,27.0,37.0,3617
3510,27.0,36.0,3618
3511,27.0,36.0,3619
3512,27.0,37.0,3620
3513,27.0,37.0,3621
3514,27.0,37.0,3622
3515,27.0,37.0,3623
3516,27.0,36.0,3625
3517,27.0,36.0,3626
3518,27.0,37.0,3627
3519,27.0,37.0,3628
3520,27.0,36.0,3629
3521,27.0,36.0,3630
3522,27.0,37.0,3631
3523,27.0,37.0,3632
3524,27.0,36.0,3633
3525,27.0,36.0,3634
3526,27.0,36.0,3635
3527,27.0,36.0,3636
3528,27.0,37.0,3637
3529,27.0,37.0,3638
3530,27.0,36.0,3639
3531,27.0,36.0,3640
3532,27.0,36.0,3641
3533,27.0,36.0,3642
3534,27.0,37.0,3643
3535,27.0,37.0,3644
3536,27.0,36.0,3645
3537,27.0,36.0,3646
3538,27.0,37.0,3647
3539,27.0,37.0,3648
3540,27.0,36.0,3649
3541,27.0,36.0,3650
3542,27.0,37.0,3651
3543,27.0,37.0,3652
3544,27.0,36.0,3653
3545,27.0,36.0,3654
3546,27.0,37.0,3655
3547,27.0,37.0,3656
3548,27.0,36.0,3658
3549,27.0,36.0,3659
3550,27.0,36.0,3660
3551,27.0,36.0,3661
3552,27.0,37.0,3662
3553,27.0,37.0,3663
3554,27.0,36.0,3664
3555,27.0,36.0,3665
3556,27.0,37.0,3666
3557,27.0,37.0,3667
3558,27.0,36.0,3668
3559,27.0,36.0,3669
3560,27.0,36.0,3670
3561,27.0,36.0,3671
3562,27.0,37.0,3672
3563,27.0,37.0,3673
3564,27.0,36.0,3674
3565,27.0,36.0,3675
3566,27.0,36.0,3676
3567,27.0,36.0,3677
3568,27.0,36.0,3678
3569,27.0,36.0,3679
3570,27.0,36.0,3680
3571,27.0,36.0,3681
3572,27.0,36.0,3682
3573,27.0,36.0,3683
3574,27.0,36.0,3684
3575,27.0,36.0,3685
3576,27.0,36.0,3686
3577,27.0,36.0,3687
3578,27.0,37.0,3688
3579,27.0,37.0,3689
3580,27.0,36.0,3690
3581,27.0,36.0,3692
3582,27.0,37.0,3693
3583,27.0,37.0,3694
3584,27.0,37.0,3695
3585,27.0,37.0,3696
3586,27.0,37.0,3697
3587,27.0,37.0,3698
3588,27.0,37.0,3699
3589,27.0,37.0,3700
3590,27.0,37.0,3701
3591,27.0,37.0,3702
3592,27.0,37.0,3703
3593,27.0,37.0,3704
3594,27.0,37.0,3705
3595,27.0,37.0,3706
3596,27.0,37.0,3707
3597,27.0,37.0,3708
3598,27.0,37.0,3709
3599,27.0,37.0,3710
3600,27.0,37.0,3711
3601,27.0,37.0,3712
3602,27.0,37.0,3713
3603,27.0,37.0,3714
3604,27.0,37.0,3715
3605,27.0,37.0,3716
3606,27.0,37.0,3717
3607,27.0,37.0,3718
3608,27.0,37.0,3719
3609,27.0,37.0,3720
3610,27.0,37.0,3721
3611,27.0,37.0,3722
3612,27.0,37.0,3723
3613,27.0,37.0,3724
3614,27.0,37.0,3725
3615,27.0,37.0,3727
3616,27.0,37.0,3728
3617,27.0,37.0,3729
3618,27.0,37.0,3730
3619,27.0,37.0,3731
3620,27.0,37.0,3732
3621,27.0,37.0,3733
3622,27.0,37.0,3734
3623,27.0,37.0,3735
3624,27.0,37.0,3736
3625,27.0,37.0,3737
3626,27.0,37.0,3738
3627,27.0,37.0,3739
3628,27.0,37.0,3740
3629,27.0,37.0,3741
3630,27.0,37.0,3742
3631,27.0,37.0,3743
3632,27.0,37.0,3744
3633,27.0,37.0,3745
3634,27.0,37.0,3746
3635,27.0,37.0,3747
3636,27.0,37.0,3748
3637,27.0,37.0,3749
3638,27.0,37.0,3750
3639,27.0,37.0,3751
3640,27.0,37.0,3752
3641,27.0,37.0,3753
3642,27.0,37.0,3754
3643,27.0,37.0,3755
3644,27.0,37.0,3756
3645,27.0,37.0,3757
3646,27.0,37.0,3758
3647,27.0,37.0,3759
3648,27.0,36.0,3761
3649,27.0,36.0,3762
3650,27.0,37.0,3763
3651,27.0,37.0,3764
3652,27.0,37.0,3765
3653,27.0,37.0,3766
3654,27.0,37.0,3767
3655,27.0,37.0,3768
3656,27.0,36.0,3769
3657,27.0,36.0,3770
3658,27.0,37.0,3771
3659,27.0,37.0,3772
3660,27.0,37.0,3773
3661,27.0,37.0,3774
3662,27.0,37.0,3775
3663,27.0,37.0,3776
3664,27.0,37.0,3777
3665,27.0,37.0,3778
3666,27.0,37.0,3779
3667,27.0,37.0,3780
3668,27.0,37.0,3781
3669,27.0,37.0,3782
3670,27.0,37.0,3783
3671,27.0,37.0,3784
3672,27.0,37.0,3785
3673,27.0,37.0,3786
3674,27.0,37.0,3787
3675,27.0,37.0,3788
3676,27.0,37.0,3789
3677,27.0,37.0,3790
3678,27.0,37.0,3791
3679,27.0,37.0,3792
3680,27.0,37.0,3794
3681,27.0,37.0,3795
3682,27.0,37.0,3796
3683,27.0,37.0,3797
3684,27.0,37.0,3798
3685,27.0,37.0,3799
3686,27.0,37.0,3800
3687,27.0,37.0,3801
3688,27.0,37.0,3802
3689,27.0,37.0,3803
3690,27.0,37.0,3804
3691,27.0,37.0,3805
3692,27.0,37.0,3806
3693,27.0,37.0,3807
3694,27.0,37.0,3808
3695,27.0,37.0,3809
3696,27.0,37.0,3810
3697,27.0,37.0,3811
3698,27.0,37.0,3812
3699,27.0,37.0,3813
3700,27.0,37.0,3814
3701,27.0,37.0,3815
3702,27.0,37.0,3816
3703,27.0,37.0,3817
3704,27.0,37.0,3818
3705,27.0,37.0,3819
3706,27.0,37.0,3820
3707,27.0,37.0,3821
3708,27.0,37.0,3822
3709,27.0,37.0,3823
3710,27.0,37.0,3824
3711,27.0,37.0,3825
3712,27.0,37.0,3826
3713,27.0,37.0,3827
3714,27.0,37.0,3829
3715,27.0,37.0,3830
3716,27.0,37.0,3831
3717,27.0,37.0,3832
3718,27.0,37.0,3833
3719,27.0,37.0,3834
3720,27.0,37.0,3835
3721,27.0,37.0,3836
3722,27.0,37.0,3837
3723,27.0,37.0,3838
3724,27.0,37.0,3839
3725,27.0,37.0,3840
3726,27.0,37.0,3841
3727,27.0,37.0,3842
3728,27.0,37.0,3843
3729,27.0,37.0,3844
3730,27.0,37.0,3845
3731,27.0,37.0,3846
3732,27.0,37.0,3847
3733,27.0,37.0,3848
3734,27.0,37.0,3849
3735,27.0,37.0,3850
3736,27.0,37.0,3851
3737,27.0,37.0,3852
3738,27.0,37.0,3853
3739,27.0,37.0,3854
3740,27.0,37.0,3855
3741,27.0,37.0,3856
3742,27.0,37.0,3857
3743,27.0,37.0,3858
3744,27.0,37.0,3859
3745,27.0,37.0,3860
3746,27.0,37.0,3862
3747,27.0,37.0,3863
3748,27.0,37.0,3864
3749,27.0,37.0,3865
3750,27.0,37.0,3866
3751,27.0,37.0,3867
3752,27.0,37.0,3868
3753,27.0,37.0,3869
3754,27.0,37.0,3870
3755,27.0,37.0,3871
3756,27.0,37.0,3872
3757,27.0,37.0,3873
3758,27.0,37.0,3874
3759,27.0,37.0,3875
3760,27.0,37.0,3876
3761,27.0,37.0,3877
3762,27.0,37.0,3878
3763,27.0,37.0,3879
3764,27.0,37.0,3880
3765,27.0,37.0,3881
3766,27.0,37.0,3882
3767,27.0,37.0,3883
3768,27.0,37.0,3884
3769,27.0,37.0,3885
3770,27.0,37.0,3886
3771,27.0,37.0,3887
3772,27.0,37.0,3888
3773,27.0,37.0,3889
3774,27.0,37.0,3890
3775,27.0,37.0,3891
3776,27.0,37.0,3892
3777,27.0,37.0,3893
3778,27.0,37.0,3894
3779,27.0,37.0,3896
3780,27.0,37.0,3897
3781,27.0,37.0,3898
3782,27.0,37.0,3899
3783,27.0,37.0,3900
3784,27.0,37.0,3901
3785,27.0,37.0,3902
3786,27.0,37.0,3903
3787,27.0,37.0,3904
3788,27.0,37.0,3905
3789,27.0,37.0,3906
3790,27.0,37.0,3907
3791,27.0,37.0,3908
3792,27.0,37.0,3909
3793,27.0,37.0,3910
3794,27.0,37.0,3911
3795,27.0,37.0,3912
3796,27.0,37.0,3913
3797,27.0,37.0,3914
3798,27.0,37.0,3915
3799,27.0,37.0,3916
3800,27.0,37.0,3917
3801,27.0,37.0,3918
3802,27.0,37.0,3919
3803,27.0,37.0,3920
3804,27.0,37.0,3921
3805,27.0,37.0,3922
3806,27.0,37.0,3923
3807,27.0,37.0,3924
3808,27.0,37.0,3925
3809,27.0,37.0,3926
3810,27.0,37.0,3927
3811,27.0,37.0,3928
3812,27.0,37.0,3930
3813,27.0,37.0,3931
3814,27.0,37.0,3932
3815,27.0,37.0,3933
3816,27.0,37.0,3934
3817,27.0,37.0,3935
3818,27.0,37.0,3936
3819,27.0,37.0,3937
3820,27.0,37.0,3938
3821,27.0,37.0,3939
3822,27.0,37.0,3940
3823,27.0,37.0,3941
3824,27.0,37.0,3942
3825,27.0,37.0,3943
3826,27.0,36.0,3944
3827,27.0,36.0,3945
3828,27.0,37.0,3946
3829,27.0,37.0,3947
3830,27.0,36.0,3948
3831,27.0,36.0,3949
3832,27.0,37.0,3950
3833,27.0,37.0,3951
3834,27.0,37.0,3952
3835,27.0,37.0,3953
3836,27.0,37.0,3954
3837,27.0,37.0,3955
3838,27.0,37.0,3956
3839,27.0,37.0,3957
3840,27.0,37.0,3958
3841,27.0,37.0,3959
3842,27.0,37.0,3961
3843,27.0,37.0,3961
3844,27.0,36.0,3963
3845,27.0,36.0,3964
3846,27.0,37.0,3965
3847,27.0,37.0,3966
3848,27.0,36.0,3967
3849,27.0,36.0,3968
3850,27.0,37.0,3969
3851,27.0,37.0,3970
3852,27.0,36.0,3971
3853,27.0,36.0,3972
3854,27.0,36.0,3973
3855,27.0,36.0,3974
3856,27.0,37.0,3975
3857,27.0,37.0,3976
3858,27.0,36.0,3977
3859,27.0,36.0,3978
3860,27.0,36.0,3979
3861,27.0,36.0,3980
3862,27.0,36.0,3981
3863,27.0,36.0,3982
3864,27.0,37.0,3983
3865,27.0,37.0,3984
3866,27.0,36.0,3985
3867,27.0,36.0,3986
3868,27.0,37.0,3987
3869,27.0,37.0,3988
3870,27.0,36.0,3989
3871,27.0,36.0,3990
3872,27.0,36.0,3991
3873,27.0,36.0,3992
3874,27.0,37.0,3993
3875,27.0,37.0,3994
3876,27.0,36.0,3995
3877,27.0,36.0,3997
3878,27.0,36.0,3998
3879,27.0,36.0,3999
3880,27.0,36.0,4000
3881,27.0,36.0,4001
3882,27.0,36.0,4002
3883,27.0,36.0,4003
3884,27.0,36.0,4004
3885,27.0,36.0,4005
3886,27.0,36.0,4006
3887,27.0,36.0,4007
3888,27.0,36.0,4008
3889,27.0,36.0,4009
3890,27.0,36.0,4010
3891,27.0,36.0,4011
3892,27.0,36.0,4012
3893,27.0,36.0,4013
3894,27.0,36.0,4014
3895,27.0,36.0,4015
3896,27.0,36.0,4016
3897,27.0,36.0,4017
3898,27.0,36.0,4018
3899,27.0,36.0,4019
3900,27.0,36.0,4020
3901,27.0,36.0,4021
3902,27.0,36.0,4022
3903,27.0,36.0,4023
3904,27.0,36.0,4024
3905,27.0,36.0,4025
3906,27.0,36.0,4026
3907,27.0,36.0,4027
3908,27.0,36.0,4028
3909,27.0,36.0,4029
3910,27.0,36.0,4031
3911,27.0,36.0,4032
3912,27.0,36.0,4033
3913,27.0,36.0,4034
3914,27.0,36.0,4035
3915,27.0,36.0,4036
3916,27.0,36.0,4037
3917,27.0,36.0,4038
3918,27.0,36.0,4039
3919,27.0,36.0,4040
3920,27.0,36.0,4041
3921,27.0,36.0,4042
3922,27.0,36.0,4043
3923,27.0,36.0,4044
3924,27.0,36.0,4045
3925,27.0,36.0,4046
3926,27.0,36.0,4047
3927,27.0,36.0,4048
3928,27.0,36.0,4049
3929,27.0,36.0,4050
3930,27.0,36.0,4051
3931,27.0,36.0,4052
3932,27.0,36.0,4053
3933,27.0,36.0,4054
3934,27.0,36.0,4055
3935,27.0,36.0,4056
3936,27.0,36.0,4057
3937,27.0,36.0,4058
3938,27.0,36.0,4059
3939,27.0,36.0,4060
3940,27.0,36.0,4061
3941,27.0,36.0,4062
3942,27.0,36.0,4064
3943,27.0,36.0,4065
3944,27.0,36.0,4066
3945,27.0,36.0,4067
3946,27.0,36.0,4068
3947,27.0,36.0,4069
3948,27.0,37.0,4070
3949,27.0,37.0,4071
3950,27.0,36.0,4072
3951,27.0,36.0,4073
3952,27.0,36.0,4074
3953,27.0,36.0,4075
3954,27.0,37.0,4076
3955,27.0,37.0,4077
3956,27.0,36.0,4078
3957,27.0,36.0,4079
3958,27.0,36.0,4080
3959,27.0,36.0,4081
3960,27.0,36.0,4082
3961,27.0,36.0,4083
3962,27.0,36.0,4084
3963,27.0,36.0,4085
3964,27.0,37.0,4086
3965,27.0,37.0,4087
3966,27.0,36.0,4088
3967,27.0,36.0,4089
3968,27.0,37.0,4090
3969,27.0,37.0,4091
3970,27.0,36.0,4092
3971,27.0,36.0,4093
3972,27.0,36.0,4094
3973,27.0,36.0,4095
3974,27.0,37.0,4096
3975,27.0,37.0,4097
3976,27.0,37.0,4099
3977,27.0,37.0,4100
3978,27.0,36.0,4101
3979,27.0,36.0,4102
3980,27.0,36.0,4103
3981,27.0,36.0,4104
3982,27.0,36.0,4105
3983,27.0,36.0,4106
3984,27.0,36.0,4107
3985,27.0,36.0,4108
3986,27.0,36.0,4109
3987,27.0,36.0,4110
3988,27.0,36.0,4111
3989,27.0,36.0,4112
3990,27.0,36.0,4113
3991,27.0,36.0,4114
3992,27.0,36.0,4115
3993,27.0,36.0,4116
3994,27.0,36.0,4117
3995,27.0,36.0,4118
3996,27.0,36.0,4119
3997,27.0,36.0,4120
3998,27.0,36.0,4121
3999,27.0,36.0,4122
4000,27.0,37.0,4123
4001,27.0,37.0,4124
4002,27.0,37.0,4125
4003,27.0,37.0,4126
4004,27.0,36.0,4127
4005,27.0,36.0,4128
4006,27.0,36.0,4129
4007,27.0,36.0,4131
4008,27.0,37.0,4132
4009,27.0,37.0,4133
4010,27.0,36.0,4134
4011,27.0,36.0,4135
4012,27.0,36.0,4136
4013,27.0,36.0,4137
4014,27.0,36.0,4138
4015,27.0,36.0,4139
4016,27.0,36.0,4140
4017,27.0,36.0,4141
4018,27.0,36.0,4142
4019,27.0,36.0,4143
4020,27.0,36.0,4144
4021,27.0,36.0,4145
4022,27.0,36.0,4146
4023,27.0,36.0,4147
4024,27.0,37.0,4148
4025,27.0,37.0,4149
4026,27.0,37.0,4150
4027,27.0,37.0,4151
4028,27.0,37.0,4152
4029,27.0,37.0,4153
4030,27.0,37.0,4154
4031,27.0,37.0,4155
4032,27.0,37.0,4156
4033,27.0,37.0,4157
4034,27.0,37.0,4158
4035,27.0,37.0,4159
4036,27.0,36.0,4160
4037,27.0,36.0,4161
4038,27.0,37.0,4162
4039,27.0,37.0,4163
4040,27.0,37.0,4164
4041,27.0,37.0,4165
4042,27.0,37.0,4166
4043,27.0,37.0,4168
4044,27.0,37.0,4169
4045,27.0,37.0,4170
4046,27.0,37.0,4171
4047,27.0,37.0,4172
4048,27.0,37.0,4173
4049,27.0,37.0,4174
4050,27.0,36.0,4175
4051,27.0,36.0,4176
4052,27.0,36.0,4177
4053,27.0,36.0,4178
4054,27.0,37.0,4179
4055,27.0,37.0,4180
4056,27.0,36.0,4181
4057,27.0,36.0,4182
4058,27.0,37.0,4183
4059,27.0,37.0,4184
4060,27.0,37.0,4185
4061,27.0,37.0,4186
4062,27.0,37.0,4187
4063,27.0,37.0,4188
4064,27.0,37.0,4189
4065,27.0,37.0,4190
4066,27.0,37.0,4191
4067,27.0,37.0,4192
4068,27.0,37.0,4193
4069,27.0,37.0,4194
4070,27.0,37.0,4195
4071,27.0,37.0,4196
4072,27.0,37.0,4197
4073,27.0,37.0,4198
4074,27.0,37.0,4199
4075,27.0,37.0,4200
4076,27.0,37.0,4202
4077,27.0,37.0,4203
4078,27.0,37.0,4204
4079,27.0,37.0,4205
4080,27.0,37.0,4206
4081,27.0,37.0,4207
4082,27.0,37.0,4208
4083,27.0,37.0,4209
4084,27.0,37.0,4210
4085,27.0,37.0,4211
4086,27.0,37.0,4212
4087,27.0,37.0,4213
4088,27.0,37.0,4214
4089,27.0,37.0,4215
4090,27.0,37.0,4216
4091,27.0,37.0,4217
4092,27.0,37.0,4218
4093,27.0,37.0,4219
4094,27.0,37.0,4220
4095,27.0,37.0,4221
4096,27.0,37.0,4222
4097,27.0,37.0,4223
4098,27.0,37.0,4224
4099,27.0,37.0,4225
4100,27.0,37.0,4226
4101,27.0,37.0,4227
4102,27.0,37.0,4228
4103,27.0,37.0,4229
4104,27.0,37.0,4230
4105,27.0,37.0,4231
4106,27.0,36.0,4232
4107,27.0,36.0,4233
4108,27.0,37.0,4235
4109,27.0,37.0,4236
4110,27.0,37.0,4237
4111,27.0,37.0,4238
4112,27.0,37.0,4239
4113,27.0,37.0,4240
4114,27.0,37.0,4241
4115,27.0,37.0,4242
4116,27.0,37.0,4243
4117,27.0,37.0,4244
4118,27.0,37.0,4245
4119,27.0,37.0,4246
4120,27.0,37.0,4247
4121,27.0,37.0,4248
4122,27.0,37.0,4249
4123,27.0,37.0,4250
4124,27.0,37.0,4251
4125,27.0,37.0,4252
4126,27.0,37.0,4253
4127,27.0,37.0,4254
4128,27.0,37.0,4255
4129,27.0,37.0,4256
4130,27.0,37.0,4257
4131,27.0,37.0,4258
4132,27.0,37.0,4259
4133,27.0,37.0,4260
4134,27.0,37.0,4261
4135,27.0,37.0,4262
4136,27.0,37.0,4263
4137,27.0,37.0,4264
4138,27.0,37.0,4265
4139,27.0,37.0,4266
4140,27.0,37.0,4267
4141,27.0,37.0,4269
4142,27.0,37.0,4270
4143,27.0,37.0,4271
4144,27.0,37.0,4272
4145,27.0,37.0,4273
4146,27.0,37.0,4274
4147,27.0,37.0,4275
4148,27.0,37.0,4276
4149,27.0,37.0,4277
4150,27.0,37.0,4278
4151,27.0,37.0,4279
4152,27.0,37.0,4280
4153,27.0,37.0,4281
4154,27.0,37.0,4282
4155,27.0,37.0,4283
4156,27.0,37.0,4284
4157,27.0,37.0,4285
4158,27.0,37.0,4286
4159,27.0,37.0,4287
4160,27.0,37.0,4288
4161,27.0,37.0,4289
4162,27.0,37.0,4290
4163,27.0,37.0,4291
4164,27.0,37.0,4292
4165,27.0,37.0,4293
4166,27.0,37.0,4294
4167,27.0,37.0,4295
4168,27.0,37.0,4296
4169,27.0,37.0,4297
4170,27.0,37.0,4298
4171,27.0,37.0,4299
4172,27.0,37.0,4300
4173,27.0,37.0,4301
4174,27.0,37.0,4303
4175,27.0,37.0,4304
4176,27.0,37.0,4305
4177,27.0,37.0,4306
4178,27.0,37.0,4307
4179,27.0,37.0,4308
4180,27.0,37.0,4309
4181,27.0,37.0,4310
4182,27.0,37.0,4311
4183,27.0,37.0,4312
4184,27.0,36.0,4313
4185,27.0,36.0,4314
4186,27.0,37.0,4315
4187,27.0,37.0,4316
4188,27.0,37.0,4317
4189,27.0,37.0,4318
4190,27.0,37.0,4319
4191,27.0,37.0,4320
4192,27.0,37.0,4321
4193,27.0,37.0,4322
4194,27.0,37.0,4323
4195,27.0,37.0,4324
4196,27.0,37.0,4325
4197,27.0,37.0,4326
4198,27.0,37.0,4327
4199,27.0,37.0,4328
4200,27.0,37.0,4329
4201,27.0,37.0,4330
4202,27.0,37.0,4331
4203,27.0,37.0,4332
4204,27.0,37.0,4333
4205,27.0,37.0,4334
4206,27.0,37.0,4336
4207,27.0,37.0,4337
4208,27.0,37.0,4338
4209,27.0,37.0,4339
4210,27.0,37.0,4340
4211,27.0,37.0,4341
4212,27.0,37.0,4342
4213,27.0,37.0,4343
4214,27.0,37.0,4344
4215,27.0,37.0,4345
4216,27.0,37.0,4346
4217,27.0,37.0,4347
4218,27.0,37.0,4348
4219,27.0,37.0,4349
4220,27.0,37.0,4350
4221,27.0,37.0,4351
4222,27.0,37.0,4352
4223,27.0,37.0,4353
4224,27.0,37.0,4354
4225,27.0,37.0,4355
4226,27.0,37.0,4356
4227,27.0,37.0,4357
4228,27.0,37.0,4358
4229,27.0,37.0,4359
4230,27.0,37.0,4360
4231,27.0,37.0,4361
4232,27.0,37.0,4362
4233,27.0,37.0,4363
4234,27.0,37.0,4364
4235,27.0,37.0,4365
4236,27.0,37.0,4366
4237,27.0,37.0,4367
4238,27.0,37.0,4369
4239,27.0,37.0,4370
4240,27.0,37.0,4371
4241,27.0,37.0,4372
4242,27.0,37.0,4373
4243,27.0,37.0,4374
4244,27.0,37.0,4375
4245,27.0,37.0,4376
4246,27.0,37.0,4377
4247,27.0,37.0,4378
4248,27.0,37.0,4379
4249,27.0,37.0,4380
4250,27.0,37.0,4381
4251,27.0,37.0,4382
4252,27.0,37.0,4383
4253,27.0,37.0,4384
4254,27.0,37.0,4385
4255,27.0,37.0,4386
4256,27.0,37.0,4387
4257,27.0,37.0,4388
4258,27.0,37.0,4389
4259,27.0,37.0,4390
4260,27.0,37.0,4391
4261,27.0,37.0,4392
4262,27.0,37.0,4393
4263,27.0,37.0,4394
4264,27.0,37.0,4395
4265,27.0,37.0,4396
4266,27.0,37.0,4397
4267,27.0,37.0,4398
4268,27.0,37.0,4399
4269,27.0,37.0,4400
4270,27.0,37.0,4402
4271,27.0,37.0,4403
4272,27.0,37.0,4403
4273,27.0,37.0,4405
4274,27.0,37.0,4406
4275,27.0,37.0,4407
4276,27.0,37.0,4408
4277,27.0,37.0,4409
4278,27.0,37.0,4410
4279,27.0,37.0,4411
4280,27.0,37.0,4412
4281,27.0,37.0,4413
4282,27.0,37.0,4414
4283,27.0,37.0,4415
4284,27.0,37.0,4416
4285,27.0,37.0,4417
4286,27.0,37.0,4418
4287,27.0,37.0,4419
4288,27.0,37.0,4420
4289,27.0,37.0,4421
4290,27.0,37.0,4422
4291,27.0,37.0,4423
4292,27.0,37.0,4424
4293,27.0,37.0,4425
4294,27.0,37.0,4426
4295,27.0,37.0,4427
4296,27.0,37.0,4428
4297,27.0,37.0,4429
4298,27.0,37.0,4430
4299,27.0,37.0,4431
4300,27.0,37.0,4433
4301,27.0,37.0,4433
4302,27.0,37.0,4434
4303,27.0,37.0,4435
4304,27.0,37.0,4436
4305,27.0,37.0,4438
4306,27.0,37.0,4439
4307,27.0,37.0,4440
4308,27.0,37.0,4441
4309,27.0,37.0,4442
4310,27.0,37.0,4443
4311,27.0,37.0,4444
4312,27.0,37.0,4445
4313,27.0,37.0,4446
4314,27.0,37.0,4447
4315,27.0,37.0,4448
4316,27.0,37.0,4449
4317,27.0,37.0,4450
4318,27.0,37.0,4451
4319,27.0,37.0,4452
4320,27.0,37.0,4453
4321,27.0,37.0,4454
4322,27.0,37.0,4455
4323,27.0,37.0,4456
4324,27.0,37.0,4457
4325,27.0,37.0,4458
4326,27.0,37.0,4459
4327,27.0,37.0,4460
4328,27.0,37.0,4461
4329,27.0,37.0,4462
4330,27.0,37.0,4463
4331,27.0,37.0,4464
4332,27.0,37.0,4465
4333,27.0,37.0,4466
4334,27.0,37.0,4467
4335,27.0,37.0,4468
4336,27.0,37.0,4470
4337,27.0,37.0,4470
4338,27.0,37.0,4472
4339,27.0,37.0,4473
4340,27.0,37.0,4474
4341,27.0,37.0,4475
4342,27.0,37.0,4476
4343,27.0,37.0,4477
4344,27.0,37.0,4478
4345,27.0,37.0,4479
4346,27.0,37.0,4480
4347,27.0,37.0,4481
4348,27.0,37.0,4482
4349,27.0,37.0,4483
4350,27.0,37.0,4484
4351,27.0,37.0,4485
4352,27.0,37.0,4486
4353,27.0,37.0,4487
4354,27.0,37.0,4488
4355,27.0,37.0,4489
4356,27.0,37.0,4490
4357,27.0,37.0,4491
4358,27.0,37.0,4492
4359,27.0,37.0,4493
4360,27.0,37.0,4494
4361,27.0,37.0,4495
4362,27.0,37.0,4496
4363,27.0,37.0,4497
4364,27.0,37.0,4498
4365,27.0,37.0,4499
4366,27.0,37.0,4500
4367,27.0,37.0,4501
4368,27.0,37.0,4502
4369,27.0,37.0,4503
4370,27.0,37.0,4505
4371,27.0,37.0,4506
4372,27.0,37.0,4507
4373,27.0,37.0,4508
4374,27.0,37.0,4509
4375,27.0,37.0,4510
4376,27.0,37.0,4511
4377,27.0,37.0,4512
4378,27.0,37.0,4513
4379,27.0,37.0,4514
4380,27.0,37.0,4515
4381,27.0,37.0,4516
4382,27.0,37.0,4517
4383,27.0,37.0,4518
4384,27.0,37.0,4519
4385,27.0,37.0,4520
4386,27.0,37.0,4521
4387,27.0,37.0,4522
4388,27.0,37.0,4523
4389,27.0,37.0,4524
4390,27.0,37.0,4525
4391,27.0,37.0,4526
4392,27.0,37.0,4527
4393,27.0,37.0,4528
4394,27.0,37.0,4529
4395,27.0,37.0,4530
4396,27.0,37.0,4531
4397,27.0,37.0,4532
4398,27.0,37.0,4533
4399,27.0,37.0,4534
4400,27.0,37.0,4535
4401,27.0,37.0,4536
4402,27.0,37.0,4537
4403,27.0,37.0,4539
4404,27.0,37.0,4540
4405,27.0,37.0,4541
4406,27.0,37.0,4542
4407,27.0,37.0,4543
4408,27.0,37.0,4544
4409,27.0,37.0,4545
4410,27.0,37.0,4546
4411,27.0,37.0,4547
4412,27.0,38.0,4548
4413,27.0,38.0,4549
4414,27.0,37.0,4550
4415,27.0,37.0,4551
4416,27.0,37.0,4552
4417,27.0,37.0,4553
4418,27.0,38.0,4554
4419,27.0,38.0,4555
4420,27.0,37.0,4556
4421,27.0,37.0,4557
4422,27.0,37.0,4558
4423,27.0,37.0,4559
4424,27.0,37.0,4560
4425,27.0,37.0,4561
4426,27.0,37.0,4562
4427,27.0,37.0,4563
4428,27.0,37.0,4564
4429,27.0,37.0,4565
4430,27.0,37.0,4566
4431,27.0,37.0,4567
4432,27.0,37.0,4568
4433,27.0,37.0,4569
4434,27.0,37.0,4570
4435,27.0,37.0,4572
4436,27.0,37.0,4573
4437,27.0,37.0,4574
4438,27.0,37.0,4575
4439,27.0,37.0,4576
4440,27.0,37.0,4577
4441,27.0,37.0,4578
4442,27.0,37.0,4579
4443,27.0,37.0,4580
4444,27.0,37.0,4581
4445,27.0,37.0,4582
4446,27.0,37.0,4583
4447,27.0,37.0,4584
4448,27.0,37.0,4585
4449,27.0,37.0,4586
4450,27.0,37.0,4587
4451,27.0,37.0,4588
4452,27.0,37.0,4589
4453,27.0,37.0,4590
4454,27.0,37.0,4591
4455,27.0,37.0,4592
4456,27.0,37.0,4593
4457,27.0,37.0,4594
4458,27.0,37.0,4595
4459,27.0,37.0,4596
4460,27.0,37.0,4597
4461,27.0,37.0,4598
4462,27.0,37.0,4599
4463,27.0,37.0,4600
4464,27.0,37.0,4601
4465,27.0,37.0,4602
4466,27.0,37.0,4603
4467,27.0,37.0,4604
4468,27.0,37.0,4605
4469,27.0,37.0,4606
4470,27.0,37.0,4608
4471,27.0,37.0,4609
4472,27.0,37.0,4610
4473,27.0,37.0,4611
4474,27.0,37.0,4612
4475,27.0,37.0,4613
4476,27.0,37.0,4614
4477,27.0,37.0,4615
4478,27.0,37.0,4616
4479,27.0,37.0,4617
4480,27.0,37.0,4618
4481,27.0,37.0,4619
4482,27.0,37.0,4620
4483,27.0,37.0,4621
4484,27.0,37.0,4622
4485,27.0,37.0,4623
4486,27.0,37.0,4624
4487,27.0,37.0,4625
4488,27.0,37.0,4626
4489,27.0,37.0,4627
4490,27.0,37.0,4628
4491,27.0,37.0,4629
4492,27.0,37.0,4630
4493,27.0,37.0,4631
4494,27.0,37.0,4632
4495,27.0,37.0,4633
4496,27.0,37.0,4634
4497,27.0,37.0,4635
4498,27.0,37.0,4636
4499,27.0,37.0,4637
4500,27.0,37.0,4638
4501,27.0,37.0,4639
4502,27.0,37.0,4640
4503,27.0,37.0,4642
4504,27.0,37.0,4643
4505,27.0,37.0,4644
4506,27.0,37.0,4645
4507,27.0,37.0,4646
4508,27.0,37.0,4647
4509,27.0,37.0,4648
4510,27.0,37.0,4649
4511,27.0,37.0,4650
4512,27.0,37.0,4651
4513,27.0,37.0,4652
4514,27.0,37.0,4653
4515,27.0,37.0,4654
4516,27.0,37.0,4655
4517,27.0,37.0,4656
4518,27.0,37.0,4657
4519,27.0,37.0,4658
4520,27.0,37.0,4659
4521,27.0,37.0,4660
4522,27.0,37.0,4661
4523,27.0,37.0,4662
4524,27.0,37.0,4663
4525,27.0,37.0,4664
4526,27.0,37.0,4665
4527,27.0,37.0,4666
4528,27.0,37.0,4667
4529,27.0,37.0,4668
4530,27.0,37.0,4669
4531,27.0,37.0,4670
4532,27.0,37.0,4671
4533,27.0,37.0,4672
4534,27.0,37.0,4674
4535,27.0,37.0,4675
4536,27.0,37.0,4676
4537,27.0,37.0,4677
4538,27.0,37.0,4678
4539,27.0,37.0,4679
4540,27.0,37.0,4680
4541,27.0,37.0,4681
4542,27.0,37.0,4682
4543,27.0,37.0,4683
4544,27.0,37.0,4684
4545,27.0,37.0,4685
4546,27.0,38.0,4686
4547,27.0,38.0,4687
4548,27.0,38.0,4688
4549,27.0,38.0,4689
4550,27.0,38.0,4690
4551,27.0,38.0,4691
4552,27.0,38.0,4692
4553,27.0,38.0,4693
4554,27.0,38.0,4694
4555,27.0,38.0,4695
4556,27.0,38.0,4696
4557,27.0,38.0,4697
4558,27.0,38.0,4698
4559,27.0,38.0,4699
4560,27.0,38.0,4700
4561,27.0,38.0,4701
4562,27.0,38.0,4702
4563,27.0,38.0,4703
4564,27.0,38.0,4704
4565,27.0,38.0,4705
4566,27.0,38.0,4706
4567,27.0,38.0,4707
4568,27.0,38.0,4708
4569,27.0,38.0,4710
4570,27.0,38.0,4711
4571,27.0,38.0,4712
4572,27.0,38.0,4713
4573,27.0,38.0,4714
4574,27.0,37.0,4715
4575,27.0,37.0,4716
4576,27.0,37.0,4717
4577,27.0,37.0,4718
4578,27.0,37.0,4719
4579,27.0,37.0,4720
4580,27.0,37.0,4721
4581,27.0,37.0,4722
4582,27.0,37.0,4723
4583,27.0,37.0,4724
4584,27.0,38.0,4725
4585,27.0,38.0,4726
4586,27.0,37.0,4727
4587,27.0,37.0,4728
4588,27.0,37.0,4729
4589,27.0,37.0,4730
4590,27.0,37.0,4731
4591,27.0,37.0,4732
4592,27.0,37.0,4733
4593,27.0,37.0,4734
4594,27.0,38.0,4735
4595,27.0,38.0,4736
4596,27.0,38.0,4737
4597,27.0,38.0,4738
4598,27.0,38.0,4739
4599,27.0,38.0,4740
4600,27.0,38.0,4742
4601,27.0,38.0,4742
4602,27.0,38.0,4744
4603,27.0,38.0,4745
4604,27.0,38.0,4746
4605,27.0,38.0,4747
4606,27.0,38.0,4748
4607,27.0,38.0,4749
4608,27.0,38.0,4750
4609,27.0,38.0,4751
4610,27.0,38.0,4752
4611,27.0,38.0,4753
4612,26.0,38.0,4754
4613,26.0,38.0,4755
4614,27.0,38.0,4756
4615,27.0,38.0,4757
4616,26.0,38.0,4758
4617,26.0,38.0,4759
4618,26.0,38.0,4760
4619,26.0,38.0,4761
4620,26.0,38.0,4763
4621,26.0,38.0,4763
4622,26.0,38.0,4764
4623,26.0,38.0,4765
4624,26.0,38.0,4766
4625,26.0,38.0,4767
4626,26.0,38.0,4768
4627,26.0,38.0,4769
4628,27.0,38.0,4770
4629,27.0,38.0,4771
4630,26.0,38.0,4772
4631,26.0,38.0,4773
4632,26.0,38.0,4774
4633,26.0,38.0,4776
4634,26.0,38.0,4777
4635,26.0,38.0,4778
4636,26.0,38.0,4779
4637,26.0,38.0,4780
4638,27.0,38.0,4781
4639,27.0,38.0,4782
4640,27.0,38.0,4783
4641,27.0,38.0,4784
4642,27.0,38.0,4785
4643,27.0,38.0,4786
4644,27.0,38.0,4787
4645,27.0,38.0,4788
4646,26.0,38.0,4789
4647,26.0,38.0,4790
4648,27.0,38.0,4791
4649,27.0,38.0,4792
4650,27.0,38.0,4793
4651,27.0,38.0,4794
4652,27.0,38.0,4795
4653,27.0,38.0,4796
4654,27.0,38.0,4797
4655,27.0,38.0,4798
4656,27.0,38.0,4799
4657,27.0,38.0,4800
4658,26.0,38.0,4801
4659,26.0,38.0,4802
4660,27.0,38.0,4803
4661,27.0,38.0,4804
4662,26.0,38.0,4805
4663,26.0,38.0,4806
4664,26.0,38.0,4807
4665,26.0,38.0,4808
4666,27.0,38.0,4809
4667,27.0,38.0,4811
4668,27.0,38.0,4812
4669,27.0,38.0,4813
4670,27.0,38.0,4814
4671,27.0,38.0,4815
4672,27.0,38.0,4816
4673,27.0,38.0,4817
4674,26.0,38.0,4818
4675,26.0,38.0,4819
4676,27.0,38.0,4820
4677,27.0,38.0,4821
4678,27.0,38.0,4822
4679,27.0,38.0,4823
4680,27.0,38.0,4824
4681,27.0,38.0,4825
4682,27.0,38.0,4826
4683,27.0,38.0,4827
4684,27.0,38.0,4828
4685,27.0,38.0,4829
4686,27.0,38.0,4830
4687,27.0,38.0,4831
4688,27.0,38.0,4832
4689,27.0,38.0,4833
4690,27.0,38.0,4834
4691,27.0,38.0,4835
4692,27.0,38.0,4836
4693,27.0,38.0,4837
4694,27.0,38.0,4838
4695,27.0,38.0,4839
4696,26.0,38.0,4840
4697,26.0,38.0,4841
4698,27.0,38.0,4842
4699,27.0,38.0,4843
4700,26.0,38.0,4844
4701,26.0,38.0,4846
4702,26.0,38.0,4847
4703,26.0,38.0,4848
4704,26.0,38.0,4849
4705,26.0,38.0,4850
4706,26.0,38.0,4851
4707,26.0,38.0,4852
4708,26.0,38.0,4853
4709,26.0,38.0,4854
4710,26.0,38.0,4855
4711,26.0,38.0,4856
4712,26.0,38.0,4857
4713,26.0,38.0,4858
4714,26.0,38.0,4859
4715,26.0,38.0,4860
4716,26.0,38.0,4861
4717,26.0,38.0,4862
4718,26.0,38.0,4863
4719,26.0,38.0,4864
4720,26.0,38.0,4865
4721,26.0,38.0,4866
4722,26.0,38.0,4867
4723,26.0,38.0,4868
4724,26.0,38.0,4869
4725,26.0,38.0,4870
4726,26.0,38.0,4871
4727,26.0,38.0,4872
4728,26.0,38.0,4873
4729,26.0,38.0,4874
4730,26.0,38.0,4875
4731,26.0,38.0,4877
4732,26.0,38.0,4878
4733,26.0,38.0,4879
4734,26.0,38.0,4880
4735,26.0,38.0,4881
4736,26.0,38.0,4882
4737,26.0,38.0,4883
4738,26.0,38.0,4884
4739,26.0,38.0,4885
4740,26.0,38.0,4886
4741,26.0,38.0,4887
4742,26.0,38.0,4888
4743,26.0,38.0,4889
4744,26.0,38.0,4890
4745,26.0,38.0,4891
4746,26.0,38.0,4892
4747,26.0,38.0,4893
4748,26.0,38.0,4894
4749,26.0,38.0,4895
4750,26.0,38.0,4896
4751,26.0,38.0,4897
4752,26.0,38.0,4898
4753,26.0,38.0,4899
4754,26.0,38.0,4900
4755,26.0,38.0,4901
4756,26.0,38.0,4902
4757,26.0,38.0,4903
4758,26.0,38.0,4904
4759,26.0,38.0,4905
4760,26.0,38.0,4906
4761,26.0,38.0,4907
4762,26.0,38.0,4908
4763,26.0,38.0,4909
4764,26.0,38.0,4910
4765,26.0,38.0,4912
4766,26.0,38.0,4913
4767,26.0,38.0,4914
4768,26.0,38.0,4915
4769,26.0,38.0,4916
4770,26.0,38.0,4917
4771,26.0,38.0,4918
4772,26.0,38.0,4919
4773,26.0,38.0,4920
4774,26.0,38.0,4921
4775,26.0,38.0,4922
4776,26.0,38.0,4923
4777,26.0,38.0,4924
4778,26.0,38.0,4925
4779,26.0,38.0,4926
4780,26.0,38.0,4927
4781,26.0,38.0,4928
4782,26.0,38.0,4929
4783,26.0,38.0,4930
4784,26.0,38.0,4931
4785,26.0,38.0,4932
4786,26.0,38.0,4933
4787,26.0,38.0,4934
4788,26.0,38.0,4935
4789,26.0,38.0,4936
4790,26.0,38.0,4937
4791,26.0,38.0,4938
4792,26.0,38.0,4940
4793,26.0,38.0,4940
4794,26.0,38.0,4941
4795,26.0,38.0,4942
4796,26.0,38.0,4943
4797,26.0,38.0,4944
4798,26.0,38.0,4945
4799,26.0,38.0,4947
4800,26.0,38.0,4948
4801,26.0,38.0,4949
4802,26.0,38.0,4950
4803,26.0,38.0,4951
4804,26.0,38.0,4952
4805,26.0,38.0,4953
4806,26.0,38.0,4954
4807,26.0,38.0,4955
4808,26.0,38.0,4956
4809,26.0,38.0,4957
4810,26.0,38.0,4958
4811,26.0,38.0,4959
4812,26.0,38.0,4960
4813,26.0,38.0,4961
4814,26.0,38.0,4962
4815,26.0,38.0,4963
4816,26.0,38.0,4964
4817,26.0,38.0,4965
4818,26.0,38.0,4966
4819,26.0,38.0,4967
4820,26.0,38.0,4968
4821,26.0,38.0,4969
4822,26.0,38.0,4970
4823,26.0,38.0,4971
4824,26.0,38.0,4972
4825,26.0,38.0,4973
4826,26.0,38.0,4974
4827,26.0,38.0,4975
4828,26.0,38.0,4976
4829,26.0,38.0,4977
4830,26.0,38.0,4978
4831,26.0,38.0,4980
4832,26.0,38.0,4981
4833,26.0,38.0,4982
4834,26.0,38.0,4983
4835,26.0,38.0,4984
4836,26.0,38.0,4985
4837,26.0,38.0,4986
4838,26.0,38.0,4987
4839,26.0,38.0,4988
4840,26.0,38.0,4989
4841,26.0,38.0,4990
4842,26.0,38.0,4991
4843,26.0,38.0,4992
4844,26.0,38.0,4993
4845,26.0,38.0,4994
4846,26.0,38.0,4995
4847,26.0,38.0,4996
4848,26.0,38.0,4997
4849,26.0,38.0,4998
4850,26.0,38.0,4999
4851,26.0,38.0,5000
4852,26.0,38.0,5001
4853,26.0,38.0,5002
4854,26.0,38.0,5003
4855,26.0,38.0,5004
4856,26.0,38.0,5005
4857,26.0,38.0,5006
4858,26.0,38.0,5007
4859,26.0,38.0,5008
4860,26.0,38.0,5009
4861,26.0,38.0,5010
4862,26.0,38.0,5011
4863,26.0,38.0,5012
4864,26.0,38.0,5013
4865,26.0,38.0,5015
4866,26.0,38.0,5016
4867,26.0,38.0,5017
4868,26.0,38.0,5018
4869,26.0,38.0,5019
4870,26.0,38.0,5020
4871,26.0,38.0,5021
4872,26.0,38.0,5022
4873,26.0,38.0,5023
4874,26.0,38.0,5024
4875,26.0,38.0,5025
4876,26.0,38.0,5026
4877,26.0,38.0,5027
4878,26.0,38.0,5028
4879,26.0,38.0,5029
4880,26.0,38.0,5030
4881,26.0,38.0,5031
4882,26.0,38.0,5032
4883,26.0,38.0,5033
4884,26.0,38.0,5034
4885,26.0,38.0,5035
4886,26.0,38.0,5036
4887,26.0,38.0,5037
4888,26.0,38.0,5038
4889,26.0,38.0,5039
4890,26.0,38.0,5040
4891,26.0,38.0,5041
4892,26.0,38.0,5042
4893,26.0,38.0,5043
4894,26.0,38.0,5044
4895,26.0,38.0,5045
4896,26.0,38.0,5046
4897,26.0,38.0,5048
4898,26.0,38.0,5049
4899,26.0,38.0,5050
4900,26.0,38.0,5051
4901,26.0,38.0,5052
4902,26.0,38.0,5053
4903,26.0,38.0,5054
4904,26.0,38.0,5055
4905,26.0,38.0,5056
4906,26.0,38.0,5057
4907,26.0,38.0,5058
4908,26.0,38.0,5059
4909,26.0,38.0,5060
4910,26.0,38.0,5061
4911,26.0,38.0,5062
4912,26.0,38.0,5063
4913,26.0,38.0,5064
4914,26.0,38.0,5065
4915,26.0,38.0,5066
4916,26.0,38.0,5067
4917,26.0,38.0,5068
4918,26.0,38.0,5069
4919,26.0,38.0,5070
4920,26.0,38.0,5071
4921,26.0,38.0,5072
4922,26.0,38.0,5073
4923,26.0,38.0,5074
4924,26.0,38.0,5075
4925,26.0,38.0,5076
4926,26.0,38.0,5077
4927,26.0,38.0,5078
4928,26.0,38.0,5080
4929,26.0,38.0,5080
4930,26.0,38.0,5081
4931,26.0,38.0,5083
4932,26.0,38.0,5084
4933,26.0,38.0,5085
4934,26.0,38.0,5086
4935,26.0,38.0,5087
4936,26.0,38.0,5088
4937,26.0,38.0,5089
4938,26.0,38.0,5090
4939,26.0,38.0,5091
4940,26.0,38.0,5092
4941,26.0,38.0,5093
4942,26.0,38.0,5094
4943,26.0,38.0,5095
4944,26.0,38.0,5096
4945,26.0,38.0,5097
4946,26.0,38.0,5098
4947,26.0,38.0,5099
4948,26.0,38.0,5100
4949,26.0,38.0,5101
4950,26.0,38.0,5102
4951,26.0,38.0,5103
4952,26.0,38.0,5104
4953,26.0,38.0,5105
4954,26.0,38.0,5106
4955,26.0,38.0,5107
4956,26.0,38.0,5108
4957,26.0,38.0,5109
4958,26.0,38.0,5111
4959,26.0,38.0,5112
4960,26.0,38.0,5112
4961,26.0,38.0,5113
4962,26.0,38.0,5114
4963,26.0,38.0,5115
4964,26.0,38.0,5117
4965,26.0,38.0,5118
4966,26.0,38.0,5119
4967,26.0,38.0,5120
4968,26.0,38.0,5121
4969,26.0,38.0,5122
4970,26.0,38.0,5123
4971,26.0,38.0,5124
4972,26.0,38.0,5125
4973,26.0,38.0,5126
4974,26.0,38.0,5127
4975,26.0,38.0,5128
4976,26.0,38.0,5129
4977,26.0,38.0,5130
4978,26.0,38.0,5131
4979,26.0,38.0,5132
4980,26.0,38.0,5133
4981,26.0,38.0,5134
4982,26.0,38.0,5135
4983,26.0,38.0,5136
4984,26.0,38.0,5137
4985,26.0,38.0,5138
4986,26.0,38.0,5139
4987,26.0,38.0,5140
4988,26.0,38.0,5141
4989,26.0,38.0,5142
4990,26.0,38.0,5143
4991,26.0,38.0,5144
4992,26.0,38.0,5145
4993,26.0,38.0,5146
4994,26.0,38.0,5147
4995,26.0,38.0,5149
4996,26.0,38.0,5150
4997,26.0,38.0,5151
4998,26.0,38.0,5152
4999,26.0,38.0,5153
